-- --------------------------------------------------------
-- Host:                         localhost
-- Server version:               10.4.11-MariaDB - mariadb.org binary distribution
-- Server OS:                    Win64
-- HeidiSQL Version:             10.3.0.5771
-- --------------------------------------------------------

/*!40101 SET @OLD_CHARACTER_SET_CLIENT=@@CHARACTER_SET_CLIENT */;
/*!40101 SET NAMES utf8 */;
/*!50503 SET NAMES utf8mb4 */;
/*!40014 SET @OLD_FOREIGN_KEY_CHECKS=@@FOREIGN_KEY_CHECKS, FOREIGN_KEY_CHECKS=0 */;
/*!40101 SET @OLD_SQL_MODE=@@SQL_MODE, SQL_MODE='NO_AUTO_VALUE_ON_ZERO' */;


-- Dumping database structure for library
DROP DATABASE IF EXISTS `library`;
CREATE DATABASE IF NOT EXISTS `library` /*!40100 DEFAULT CHARACTER SET utf8mb4 */;
USE `library`;

-- Dumping structure for table library.author
DROP TABLE IF EXISTS `author`;
CREATE TABLE IF NOT EXISTS `author` (
  `author_id` int(10) unsigned NOT NULL AUTO_INCREMENT,
  `forename` varchar(32) NOT NULL DEFAULT '0',
  `surename` varchar(32) NOT NULL DEFAULT '0',
  PRIMARY KEY (`author_id`)
) ENGINE=InnoDB AUTO_INCREMENT=3 DEFAULT CHARSET=utf8mb4;

-- Dumping data for table library.author: ~0 rows (approximately)
DELETE FROM `author`;
/*!40000 ALTER TABLE `author` DISABLE KEYS */;
INSERT INTO `author` (`author_id`, `forename`, `surename`) VALUES
	(1, 'Bler', 'Holden'),
	(2, 'Ketrin', 'Bajbi');
/*!40000 ALTER TABLE `author` ENABLE KEYS */;

-- Dumping structure for table library.book
DROP TABLE IF EXISTS `book`;
CREATE TABLE IF NOT EXISTS `book` (
  `book_id` int(10) unsigned NOT NULL AUTO_INCREMENT,
  `title` varchar(128) NOT NULL DEFAULT '0',
  `category_id` int(10) unsigned NOT NULL DEFAULT 0,
  `author_id` int(10) unsigned NOT NULL DEFAULT 0,
  `excerpt` varchar(255) NOT NULL DEFAULT '0',
  `description` text NOT NULL,
  `isbn` varchar(13) NOT NULL DEFAULT '0',
  `status` enum('rented','lost','destroyed','avaiable','not-avaiable','reserved') NOT NULL DEFAULT 'avaiable',
  PRIMARY KEY (`book_id`),
  KEY `fk_book_author_id` (`author_id`),
  KEY `fk_book_category_id` (`category_id`),
  CONSTRAINT `fk_book_author_id` FOREIGN KEY (`author_id`) REFERENCES `author` (`author_id`) ON UPDATE CASCADE,
  CONSTRAINT `fk_book_category_id` FOREIGN KEY (`category_id`) REFERENCES `category` (`category_id`) ON UPDATE CASCADE
) ENGINE=InnoDB AUTO_INCREMENT=6 DEFAULT CHARSET=utf8mb4;

-- Dumping data for table library.book: ~2 rows (approximately)
DELETE FROM `book`;
/*!40000 ALTER TABLE `book` DISABLE KEYS */;
INSERT INTO `book` (`book_id`, `title`, `category_id`, `author_id`, `excerpt`, `description`, `isbn`, `status`) VALUES
	(4, 'Udata do ponedeljka', 1, 2, 'Kratak ops...', 'Duzi opis..', '123213', 'avaiable'),
	(5, 'Njegova devojka', 1, 1, 'Kratak opis..', 'Duzi opis....', '123555555', 'lost');
/*!40000 ALTER TABLE `book` ENABLE KEYS */;

-- Dumping structure for table library.category
DROP TABLE IF EXISTS `category`;
CREATE TABLE IF NOT EXISTS `category` (
  `category_id` int(10) unsigned NOT NULL AUTO_INCREMENT,
  `name` varchar(32) NOT NULL DEFAULT '0',
  `image_path` varchar(150) NOT NULL,
  PRIMARY KEY (`category_id`),
  UNIQUE KEY `uq_categorty_name` (`name`)
) ENGINE=InnoDB AUTO_INCREMENT=2 DEFAULT CHARSET=utf8mb4;

-- Dumping data for table library.category: ~0 rows (approximately)
DELETE FROM `category`;
/*!40000 ALTER TABLE `category` DISABLE KEYS */;
INSERT INTO `category` (`category_id`, `name`, `image_path`) VALUES
	(1, 'Ljubavne', 'assets/love.jpg');
/*!40000 ALTER TABLE `category` ENABLE KEYS */;

-- Dumping structure for table library.librarian
DROP TABLE IF EXISTS `librarian`;
CREATE TABLE IF NOT EXISTS `librarian` (
  `librarian_id` int(10) unsigned NOT NULL AUTO_INCREMENT,
  `username` varchar(32) NOT NULL DEFAULT '0',
  `password_hash` varchar(128) NOT NULL DEFAULT '0',
  PRIMARY KEY (`librarian_id`),
  UNIQUE KEY `uq_librarian_username` (`username`)
) ENGINE=InnoDB AUTO_INCREMENT=8 DEFAULT CHARSET=utf8mb4;

-- Dumping data for table library.librarian: ~2 rows (approximately)
DELETE FROM `librarian`;
/*!40000 ALTER TABLE `librarian` DISABLE KEYS */;
INSERT INTO `librarian` (`librarian_id`, `username`, `password_hash`) VALUES
	(1, 'MarkoS', 'CC4F60976B7E97AA6842A8C87BF213B81FFD2FE72334A54B4251D9A4A803237755684B569DB779BD074F24778BBD887DEE8C9B8123E935678F6FDC97BE7AD12D'),
	(4, 'pperic', '0DCC617B3BEF102B2B55B9C4275C7A8924E825DBC4AEF3B69D40550D865CF67DCF5399A5FFAB74CF4D9C737DF73C3D2BEC03E21AB5B62B1DBB200ADF40AD5C88'),
	(6, 'admin', 'C7AD44CBAD762A5DA0A452F9E854FDC1E0E7A52A38015F23F3EAB1D80B931DD472634DFAC71CD34EBC35D16AB7FB8A90C81F975113D6C7538DC69DD8DE9077EC'),
	(7, 'mmaric', '2F8F0E5D5B62BBE12BCCB951EE8F31A6D7D4FFF1F9919A615C4D11FF5E96A7C6F77F4E5F55ACB3046F250C2E304CE8FBFEE8C311B16C86B70B107FE3C324C7C8');
/*!40000 ALTER TABLE `librarian` ENABLE KEYS */;

-- Dumping structure for table library.loan
DROP TABLE IF EXISTS `loan`;
CREATE TABLE IF NOT EXISTS `loan` (
  `loan_id` int(10) unsigned NOT NULL AUTO_INCREMENT,
  `student_id` int(10) unsigned NOT NULL,
  `librarian_id` int(10) unsigned NOT NULL,
  `created_at` timestamp NOT NULL DEFAULT current_timestamp(),
  `expected_to_be_returned_at` timestamp NOT NULL DEFAULT current_timestamp(),
  `status` enum('pending','loaned','returned','lost') NOT NULL DEFAULT 'pending',
  `returned_at` timestamp NULL DEFAULT NULL,
  `book_id` int(10) unsigned NOT NULL,
  PRIMARY KEY (`loan_id`),
  KEY `fk_loan_student_id` (`student_id`),
  KEY `fk_loan_librarian_id` (`librarian_id`),
  KEY `fk_loan_book_id` (`book_id`),
  CONSTRAINT `fk_loan_book_id` FOREIGN KEY (`book_id`) REFERENCES `book` (`book_id`),
  CONSTRAINT `fk_loan_librarian_id` FOREIGN KEY (`librarian_id`) REFERENCES `librarian` (`librarian_id`) ON UPDATE CASCADE,
  CONSTRAINT `fk_loan_student_id` FOREIGN KEY (`student_id`) REFERENCES `student` (`student_id`) ON UPDATE CASCADE
) ENGINE=InnoDB AUTO_INCREMENT=3 DEFAULT CHARSET=utf8mb4;

-- Dumping data for table library.loan: ~2 rows (approximately)
DELETE FROM `loan`;
/*!40000 ALTER TABLE `loan` DISABLE KEYS */;
INSERT INTO `loan` (`loan_id`, `student_id`, `librarian_id`, `created_at`, `expected_to_be_returned_at`, `status`, `returned_at`, `book_id`) VALUES
	(1, 1, 1, '2020-06-06 18:54:26', '2020-06-07 18:54:26', 'returned', '2020-06-03 18:55:27', 4),
	(2, 1, 1, '2020-06-06 18:54:26', '2020-06-07 18:54:26', 'pending', NULL, 4);
/*!40000 ALTER TABLE `loan` ENABLE KEYS */;

-- Dumping structure for table library.photo
DROP TABLE IF EXISTS `photo`;
CREATE TABLE IF NOT EXISTS `photo` (
  `photo_id` int(10) unsigned NOT NULL AUTO_INCREMENT,
  `book_id` int(10) unsigned NOT NULL DEFAULT 0,
  `image_path` varchar(128) NOT NULL DEFAULT '0',
  PRIMARY KEY (`photo_id`),
  UNIQUE KEY `uq_photo_image_path` (`image_path`),
  KEY `fk_photo_book_id` (`book_id`),
  CONSTRAINT `fk_photo_book_id` FOREIGN KEY (`book_id`) REFERENCES `book` (`book_id`) ON UPDATE CASCADE
) ENGINE=InnoDB AUTO_INCREMENT=9 DEFAULT CHARSET=utf8mb4;

-- Dumping data for table library.photo: ~1 rows (approximately)
DELETE FROM `photo`;
/*!40000 ALTER TABLE `photo` DISABLE KEYS */;
INSERT INTO `photo` (`photo_id`, `book_id`, `image_path`) VALUES
	(7, 4, '2020618-1787603934-udata_do_ponedeljka.jpg'),
	(8, 5, '2020618-3634638564-njegovo_srce_vv.jpg');
/*!40000 ALTER TABLE `photo` ENABLE KEYS */;

-- Dumping structure for table library.reservation
DROP TABLE IF EXISTS `reservation`;
CREATE TABLE IF NOT EXISTS `reservation` (
  `reservation_id` int(10) unsigned NOT NULL AUTO_INCREMENT,
  `student_id` int(10) unsigned NOT NULL DEFAULT 0,
  `book_id` int(10) unsigned NOT NULL DEFAULT 0,
  `status` enum('pending','loaned','rejected') NOT NULL DEFAULT 'pending',
  `reserved_at` timestamp NOT NULL DEFAULT current_timestamp(),
  PRIMARY KEY (`reservation_id`),
  KEY `fk_reservation_student_id` (`student_id`),
  KEY `fk_reservation_book_id` (`book_id`),
  CONSTRAINT `fk_reservation_book_id` FOREIGN KEY (`book_id`) REFERENCES `book` (`book_id`) ON UPDATE CASCADE,
  CONSTRAINT `fk_reservation_student_id` FOREIGN KEY (`student_id`) REFERENCES `student` (`student_id`) ON UPDATE CASCADE
) ENGINE=InnoDB AUTO_INCREMENT=6 DEFAULT CHARSET=utf8mb4;

-- Dumping data for table library.reservation: ~5 rows (approximately)
DELETE FROM `reservation`;
/*!40000 ALTER TABLE `reservation` DISABLE KEYS */;
INSERT INTO `reservation` (`reservation_id`, `student_id`, `book_id`, `status`, `reserved_at`) VALUES
	(2, 1, 4, 'rejected', '2020-06-06 18:54:26'),
	(3, 1, 4, 'pending', '2020-06-06 18:54:26'),
	(4, 1, 4, 'pending', '2020-06-06 18:54:26'),
	(5, 1, 4, 'loaned', '2020-06-10 18:54:26');
/*!40000 ALTER TABLE `reservation` ENABLE KEYS */;

-- Dumping structure for table library.student
DROP TABLE IF EXISTS `student`;
CREATE TABLE IF NOT EXISTS `student` (
  `student_id` int(10) unsigned NOT NULL AUTO_INCREMENT,
  `username` varchar(50) NOT NULL DEFAULT '0',
  `password_hash` varchar(128) NOT NULL DEFAULT '0',
  `forename` varchar(64) NOT NULL DEFAULT '0',
  `surename` varchar(64) NOT NULL DEFAULT '0',
  `phone_number` varchar(24) NOT NULL DEFAULT '0',
  `class_number` varchar(24) NOT NULL DEFAULT '0',
  PRIMARY KEY (`student_id`),
  UNIQUE KEY `uq_student_username` (`username`),
  UNIQUE KEY `uq_student_phone_number` (`phone_number`)
) ENGINE=InnoDB AUTO_INCREMENT=5 DEFAULT CHARSET=utf8mb4;

-- Dumping data for table library.student: ~2 rows (approximately)
DELETE FROM `student`;
/*!40000 ALTER TABLE `student` DISABLE KEYS */;
INSERT INTO `student` (`student_id`, `username`, `password_hash`, `forename`, `surename`, `phone_number`, `class_number`) VALUES
	(1, 'student1', 'CC4F60976B7E97AA6842A8C87BF213B81FFD2FE72334A54B4251D9A4A803237755684B569DB779BD074F24778BBD887DEE8C9B8123E935678F6FDC97BE7AD12D', 'Petar', 'Peric', '0621345678', '6-7'),
	(3, 'student2', '40B8275B1AB04631A2E26AD78510755845942E3CCE55ECD44AB63D60C68205F57B0D60CD36676188AF28C31FC0EE6688447DC774AB661D5890A12AB480629E7E', 'Marko', 'Markovic', '0612345678', '5-6'),
	(4, 'student3', 'F199285F06D7DD8C38862266A825F52699183BD922E6773042A5E34B4EC947859740DE6042FF36FEAA452FCDA8D855413C69417CA087DC6BB6CD0072CEE7B24B', 'Marko', 'Markovic', '+381612345678', '5-6');
/*!40000 ALTER TABLE `student` ENABLE KEYS */;

-- Dumping structure for table library.student_token
DROP TABLE IF EXISTS `student_token`;
CREATE TABLE IF NOT EXISTS `student_token` (
  `student_token_id` int(10) unsigned NOT NULL AUTO_INCREMENT,
  `student_id` int(10) unsigned NOT NULL,
  `created_at` timestamp NOT NULL DEFAULT current_timestamp(),
  `token` text NOT NULL,
  `expires_at` datetime NOT NULL,
  `is_valid` tinyint(1) unsigned NOT NULL DEFAULT 1,
  PRIMARY KEY (`student_token_id`),
  KEY `FK_student_token_student_id` (`student_id`),
  CONSTRAINT `FK_student_token_student_id` FOREIGN KEY (`student_id`) REFERENCES `student` (`student_id`) ON UPDATE CASCADE
) ENGINE=InnoDB AUTO_INCREMENT=60 DEFAULT CHARSET=utf8mb4;

-- Dumping data for table library.student_token: ~59 rows (approximately)
DELETE FROM `student_token`;
/*!40000 ALTER TABLE `student_token` DISABLE KEYS */;
INSERT INTO `student_token` (`student_token_id`, `student_id`, `created_at`, `token`, `expires_at`, `is_valid`) VALUES
	(1, 3, '2020-06-11 21:19:01', 'eyJhbGciOiJIUzI1NiIsInR5cCI6IkpXVCJ9.eyJyb2xlIjoic3R1ZGVudCIsImlkIjozLCJleHAiOjE1OTQ1ODE1NDEuMTMxLCJpcCI6Ijo6MSIsInVhIjoiUG9zdG1hblJ1bnRpbWUvNy4yNS4wIiwiaWF0IjoxNTkxOTAzMTQxfQ.RlW2-Tk4aO33yR9E8uPQBfQiHka7R7oS8FJX4qD2zrw', '2020-07-12 19:19:01', 1),
	(2, 3, '2020-06-17 20:48:34', 'eyJhbGciOiJIUzI1NiIsInR5cCI6IkpXVCJ9.eyJyb2xlIjoic3R1ZGVudCIsImlkIjozLCJleHAiOjE1OTUwOTgxMTQuNzEsImlwIjoiOjoxIiwidWEiOiJNb3ppbGxhLzUuMCAoV2luZG93cyBOVCAxMC4wOyBXaW42NDsgeDY0KSBBcHBsZVdlYktpdC81MzcuMzYgKEtIVE1MLCBsaWtlIEdlY2tvKSBDaHJvbWUvODMuMC40MTAzLjEwNiBTYWZhcmkvNTM3LjM2IiwiaWF0IjoxNTkyNDE5NzE0fQ.Ivlk-Hf0Bv-0pFv06r32Rw1JmFFwINJPX6n5F98Sh90', '2020-07-18 18:48:34', 1),
	(3, 3, '2020-06-17 21:20:27', 'eyJhbGciOiJIUzI1NiIsInR5cCI6IkpXVCJ9.eyJyb2xlIjoic3R1ZGVudCIsImlkIjozLCJleHAiOjE1OTUxMDAwMjcuMzkxLCJpcCI6Ijo6MSIsInVhIjoiTW96aWxsYS81LjAgKFdpbmRvd3MgTlQgMTAuMDsgV2luNjQ7IHg2NCkgQXBwbGVXZWJLaXQvNTM3LjM2IChLSFRNTCwgbGlrZSBHZWNrbykgQ2hyb21lLzgzLjAuNDEwMy4xMDYgU2FmYXJpLzUzNy4zNiIsImlhdCI6MTU5MjQyMTYyN30.g4qAeFhZxComa-nrX7VfMAPzMLh_rLt6PGVM4TMUBAA', '2020-07-18 19:20:27', 1),
	(4, 3, '2020-06-17 22:37:07', 'eyJhbGciOiJIUzI1NiIsInR5cCI6IkpXVCJ9.eyJyb2xlIjoic3R1ZGVudCIsImlkIjozLCJleHAiOjE1OTUxMDQ2MjcuNTg0LCJpcCI6Ijo6MSIsInVhIjoiTW96aWxsYS81LjAgKFdpbmRvd3MgTlQgMTAuMDsgV2luNjQ7IHg2NCkgQXBwbGVXZWJLaXQvNTM3LjM2IChLSFRNTCwgbGlrZSBHZWNrbykgQ2hyb21lLzgzLjAuNDEwMy4xMDYgU2FmYXJpLzUzNy4zNiIsImlhdCI6MTU5MjQyNjIyN30.ow1zjdWpxSTzQgJgglJnNgu1qYyXpicHtCks3ZePrAU', '2020-07-18 20:37:07', 1),
	(5, 3, '2020-06-17 22:37:32', 'eyJhbGciOiJIUzI1NiIsInR5cCI6IkpXVCJ9.eyJyb2xlIjoic3R1ZGVudCIsImlkIjozLCJleHAiOjE1OTUxMDQ2NTIuODcyLCJpcCI6Ijo6MSIsInVhIjoiTW96aWxsYS81LjAgKFdpbmRvd3MgTlQgMTAuMDsgV2luNjQ7IHg2NCkgQXBwbGVXZWJLaXQvNTM3LjM2IChLSFRNTCwgbGlrZSBHZWNrbykgQ2hyb21lLzgzLjAuNDEwMy4xMDYgU2FmYXJpLzUzNy4zNiIsImlhdCI6MTU5MjQyNjI1Mn0.WNDtMI7xuuW2r2YwZjAS_yC2Kxgpe1l4QwJsR6EZnho', '2020-07-18 20:37:32', 1),
	(6, 3, '2020-06-18 09:50:07', 'eyJhbGciOiJIUzI1NiIsInR5cCI6IkpXVCJ9.eyJyb2xlIjoic3R1ZGVudCIsImlkIjozLCJleHAiOjE1OTUxNDUwMDcuNzQ3LCJpcCI6Ijo6MSIsInVhIjoiTW96aWxsYS81LjAgKFdpbmRvd3MgTlQgMTAuMDsgV2luNjQ7IHg2NCkgQXBwbGVXZWJLaXQvNTM3LjM2IChLSFRNTCwgbGlrZSBHZWNrbykgQ2hyb21lLzgzLjAuNDEwMy4xMDYgU2FmYXJpLzUzNy4zNiIsImlhdCI6MTU5MjQ2NjYwN30.F6yjl1z18lmKOGTtU7xE8cjmH84IuclmbtRas-ICWNU', '2020-07-19 07:50:07', 1),
	(7, 3, '2020-06-18 09:56:12', 'eyJhbGciOiJIUzI1NiIsInR5cCI6IkpXVCJ9.eyJyb2xlIjoic3R1ZGVudCIsImlkIjozLCJleHAiOjE1OTUxNDUzNzIuNDc1LCJpcCI6Ijo6MSIsInVhIjoiTW96aWxsYS81LjAgKFdpbmRvd3MgTlQgMTAuMDsgV2luNjQ7IHg2NCkgQXBwbGVXZWJLaXQvNTM3LjM2IChLSFRNTCwgbGlrZSBHZWNrbykgQ2hyb21lLzgzLjAuNDEwMy4xMDYgU2FmYXJpLzUzNy4zNiIsImlhdCI6MTU5MjQ2Njk3Mn0.0i2d0Mhgum2BycQzyfDBNjx78LmAlN1DBFl4IlEYmlw', '2020-07-19 07:56:12', 1),
	(8, 3, '2020-06-18 10:11:21', 'eyJhbGciOiJIUzI1NiIsInR5cCI6IkpXVCJ9.eyJyb2xlIjoic3R1ZGVudCIsImlkIjozLCJleHAiOjE1OTUxNDYyODEuMzU3LCJpcCI6Ijo6MSIsInVhIjoiTW96aWxsYS81LjAgKFdpbmRvd3MgTlQgMTAuMDsgV2luNjQ7IHg2NCkgQXBwbGVXZWJLaXQvNTM3LjM2IChLSFRNTCwgbGlrZSBHZWNrbykgQ2hyb21lLzgzLjAuNDEwMy4xMDYgU2FmYXJpLzUzNy4zNiIsImlhdCI6MTU5MjQ2Nzg4MX0.-O2nOxbGk4TgRboPzX3wJfligiGFtkykhKgmQX8IXtE', '2020-07-19 08:11:21', 1),
	(9, 3, '2020-06-18 10:11:38', 'eyJhbGciOiJIUzI1NiIsInR5cCI6IkpXVCJ9.eyJyb2xlIjoic3R1ZGVudCIsImlkIjozLCJleHAiOjE1OTUxNDYyOTguMjg3LCJpcCI6Ijo6MSIsInVhIjoiTW96aWxsYS81LjAgKFdpbmRvd3MgTlQgMTAuMDsgV2luNjQ7IHg2NCkgQXBwbGVXZWJLaXQvNTM3LjM2IChLSFRNTCwgbGlrZSBHZWNrbykgQ2hyb21lLzgzLjAuNDEwMy4xMDYgU2FmYXJpLzUzNy4zNiIsImlhdCI6MTU5MjQ2Nzg5OH0.ZX9PEkOZJzrcN4UMcjmLNvkVlijG8d6Sh5i7vnkhigg', '2020-07-19 08:11:38', 1),
	(10, 3, '2020-06-18 10:26:36', 'eyJhbGciOiJIUzI1NiIsInR5cCI6IkpXVCJ9.eyJyb2xlIjoic3R1ZGVudCIsImlkIjozLCJleHAiOjE1OTUxNDcxOTYuMjk3LCJpcCI6Ijo6MSIsInVhIjoiTW96aWxsYS81LjAgKFdpbmRvd3MgTlQgMTAuMDsgV2luNjQ7IHg2NCkgQXBwbGVXZWJLaXQvNTM3LjM2IChLSFRNTCwgbGlrZSBHZWNrbykgQ2hyb21lLzgzLjAuNDEwMy4xMDYgU2FmYXJpLzUzNy4zNiIsImlhdCI6MTU5MjQ2ODc5Nn0.8yIE7bMv0OA11hPKcvHrt3wJah1v0Vaz2LeZLik33D0', '2020-07-19 08:26:36', 1),
	(11, 3, '2020-06-18 10:27:24', 'eyJhbGciOiJIUzI1NiIsInR5cCI6IkpXVCJ9.eyJyb2xlIjoic3R1ZGVudCIsImlkIjozLCJleHAiOjE1OTUxNDcyNDQuNzEyLCJpcCI6Ijo6MSIsInVhIjoiTW96aWxsYS81LjAgKFdpbmRvd3MgTlQgMTAuMDsgV2luNjQ7IHg2NCkgQXBwbGVXZWJLaXQvNTM3LjM2IChLSFRNTCwgbGlrZSBHZWNrbykgQ2hyb21lLzgzLjAuNDEwMy4xMDYgU2FmYXJpLzUzNy4zNiIsImlhdCI6MTU5MjQ2ODg0NH0.1xIyKL1LY0vuY4AcVgGm_9TwVX0xjgcRZ1fENlMH-fc', '2020-07-19 08:27:24', 1),
	(12, 3, '2020-06-18 10:31:33', 'eyJhbGciOiJIUzI1NiIsInR5cCI6IkpXVCJ9.eyJyb2xlIjoic3R1ZGVudCIsImlkIjozLCJleHAiOjE1OTUxNDc0OTMuNzUyLCJpcCI6Ijo6MSIsInVhIjoiTW96aWxsYS81LjAgKFdpbmRvd3MgTlQgMTAuMDsgV2luNjQ7IHg2NCkgQXBwbGVXZWJLaXQvNTM3LjM2IChLSFRNTCwgbGlrZSBHZWNrbykgQ2hyb21lLzgzLjAuNDEwMy4xMDYgU2FmYXJpLzUzNy4zNiIsImlhdCI6MTU5MjQ2OTA5M30.WDVev6pYFasjnkeDCSjVE--Y0DUTDCl2AH9MvdyBuS8', '2020-07-19 08:31:33', 1),
	(13, 3, '2020-06-18 10:32:46', 'eyJhbGciOiJIUzI1NiIsInR5cCI6IkpXVCJ9.eyJyb2xlIjoic3R1ZGVudCIsImlkIjozLCJleHAiOjE1OTUxNDc1NjYuMjIzLCJpcCI6Ijo6MSIsInVhIjoiUG9zdG1hblJ1bnRpbWUvNy4yNS4wIiwiaWF0IjoxNTkyNDY5MTY2fQ.EbOKZeNcqLjcO_1q7Zxqzb7D2UXoHBFcJ25rZhIMYjk', '2020-07-19 08:32:46', 1),
	(14, 3, '2020-06-18 10:55:38', 'eyJhbGciOiJIUzI1NiIsInR5cCI6IkpXVCJ9.eyJyb2xlIjoic3R1ZGVudCIsImlkIjozLCJleHAiOjE1OTUxNDg5MzguMzk3LCJpcCI6Ijo6MSIsInVhIjoiTW96aWxsYS81LjAgKFdpbmRvd3MgTlQgMTAuMDsgV2luNjQ7IHg2NCkgQXBwbGVXZWJLaXQvNTM3LjM2IChLSFRNTCwgbGlrZSBHZWNrbykgQ2hyb21lLzgzLjAuNDEwMy4xMDYgU2FmYXJpLzUzNy4zNiIsImlhdCI6MTU5MjQ3MDUzOH0.e_JYxJEwAFN8EHQvu_ZUowS3uV-irCe0vjNt0iYaTXc', '2020-07-19 08:55:38', 1),
	(15, 3, '2020-06-18 11:34:49', 'eyJhbGciOiJIUzI1NiIsInR5cCI6IkpXVCJ9.eyJyb2xlIjoic3R1ZGVudCIsImlkIjozLCJleHAiOjE1OTUxNTEyODkuNDE3LCJpcCI6Ijo6MSIsInVhIjoiTW96aWxsYS81LjAgKFdpbmRvd3MgTlQgMTAuMDsgV2luNjQ7IHg2NCkgQXBwbGVXZWJLaXQvNTM3LjM2IChLSFRNTCwgbGlrZSBHZWNrbykgQ2hyb21lLzgzLjAuNDEwMy4xMDYgU2FmYXJpLzUzNy4zNiIsImlhdCI6MTU5MjQ3Mjg4OX0.7iuX3srDANHzhtHb-8Eizorx1hxt2UWZRZ-xsIgcfbU', '2020-07-19 09:34:49', 1),
	(16, 3, '2020-06-18 11:35:10', 'eyJhbGciOiJIUzI1NiIsInR5cCI6IkpXVCJ9.eyJyb2xlIjoic3R1ZGVudCIsImlkIjozLCJleHAiOjE1OTUxNTEzMTAuNzQ5LCJpcCI6Ijo6MSIsInVhIjoiTW96aWxsYS81LjAgKFdpbmRvd3MgTlQgMTAuMDsgV2luNjQ7IHg2NCkgQXBwbGVXZWJLaXQvNTM3LjM2IChLSFRNTCwgbGlrZSBHZWNrbykgQ2hyb21lLzgzLjAuNDEwMy4xMDYgU2FmYXJpLzUzNy4zNiIsImlhdCI6MTU5MjQ3MjkxMH0.Pl6nsi1Y2CXeQ5xl4eQfAtbf54XVr3PYWrLWLIwp1cg', '2020-07-19 09:35:10', 1),
	(17, 3, '2020-06-18 11:36:42', 'eyJhbGciOiJIUzI1NiIsInR5cCI6IkpXVCJ9.eyJyb2xlIjoic3R1ZGVudCIsImlkIjozLCJleHAiOjE1OTUxNTE0MDIuNjY1LCJpcCI6Ijo6MSIsInVhIjoiTW96aWxsYS81LjAgKFdpbmRvd3MgTlQgMTAuMDsgV2luNjQ7IHg2NCkgQXBwbGVXZWJLaXQvNTM3LjM2IChLSFRNTCwgbGlrZSBHZWNrbykgQ2hyb21lLzgzLjAuNDEwMy4xMDYgU2FmYXJpLzUzNy4zNiIsImlhdCI6MTU5MjQ3MzAwMn0.eK9r2uM8q6lzDAfLODcJADmeyqXsePcS4-Xh7Xe7J7o', '2020-07-19 09:36:42', 1),
	(18, 3, '2020-06-18 11:42:25', 'eyJhbGciOiJIUzI1NiIsInR5cCI6IkpXVCJ9.eyJyb2xlIjoic3R1ZGVudCIsImlkIjozLCJleHAiOjE1OTUxNTE3NDUuMTA0LCJpcCI6Ijo6MSIsInVhIjoiTW96aWxsYS81LjAgKFdpbmRvd3MgTlQgMTAuMDsgV2luNjQ7IHg2NCkgQXBwbGVXZWJLaXQvNTM3LjM2IChLSFRNTCwgbGlrZSBHZWNrbykgQ2hyb21lLzgzLjAuNDEwMy4xMDYgU2FmYXJpLzUzNy4zNiIsImlhdCI6MTU5MjQ3MzM0NX0.nUBgTXYRkOMjqoBICaA0tmMQy5kbtVIscuvFuFeA-H0', '2020-07-19 09:42:25', 1),
	(19, 3, '2020-06-18 15:38:27', 'eyJhbGciOiJIUzI1NiIsInR5cCI6IkpXVCJ9.eyJyb2xlIjoic3R1ZGVudCIsImlkIjozLCJleHAiOjE1OTUxNjU5MDcuMTcsImlwIjoiOjoxIiwidWEiOiJNb3ppbGxhLzUuMCAoV2luZG93cyBOVCAxMC4wOyBXaW42NDsgeDY0KSBBcHBsZVdlYktpdC81MzcuMzYgKEtIVE1MLCBsaWtlIEdlY2tvKSBDaHJvbWUvODMuMC40MTAzLjEwNiBTYWZhcmkvNTM3LjM2IiwiaWF0IjoxNTkyNDg3NTA3fQ.tFHyylvzgJ0dVq-45YEpkV9tWFTyml4Gv1szxpZPty0', '2020-07-19 13:38:27', 1),
	(20, 3, '2020-06-18 15:44:01', 'eyJhbGciOiJIUzI1NiIsInR5cCI6IkpXVCJ9.eyJyb2xlIjoic3R1ZGVudCIsImlkIjozLCJleHAiOjE1OTUxNjYyNDEuOTY5LCJpcCI6Ijo6MSIsInVhIjoiTW96aWxsYS81LjAgKFdpbmRvd3MgTlQgMTAuMDsgV2luNjQ7IHg2NCkgQXBwbGVXZWJLaXQvNTM3LjM2IChLSFRNTCwgbGlrZSBHZWNrbykgQ2hyb21lLzgzLjAuNDEwMy4xMDYgU2FmYXJpLzUzNy4zNiIsImlhdCI6MTU5MjQ4Nzg0MX0.zkiUo8NlfqKdVtQVUmBiXR58QJZyNSK5hMOcNFfesRk', '2020-07-19 13:44:01', 1),
	(21, 3, '2020-06-18 15:45:34', 'eyJhbGciOiJIUzI1NiIsInR5cCI6IkpXVCJ9.eyJyb2xlIjoic3R1ZGVudCIsImlkIjozLCJleHAiOjE1OTUxNjYzMzQuMTI3LCJpcCI6Ijo6MSIsInVhIjoiTW96aWxsYS81LjAgKFdpbmRvd3MgTlQgMTAuMDsgV2luNjQ7IHg2NCkgQXBwbGVXZWJLaXQvNTM3LjM2IChLSFRNTCwgbGlrZSBHZWNrbykgQ2hyb21lLzgzLjAuNDEwMy4xMDYgU2FmYXJpLzUzNy4zNiIsImlhdCI6MTU5MjQ4NzkzNH0.0SchxB2cs8OffvX4MKJglFsAWQri-qWkwQwA-FOOMGg', '2020-07-19 13:45:34', 1),
	(22, 3, '2020-06-18 15:56:37', 'eyJhbGciOiJIUzI1NiIsInR5cCI6IkpXVCJ9.eyJyb2xlIjoic3R1ZGVudCIsImlkIjozLCJleHAiOjE1OTUxNjY5OTcuODU2LCJpcCI6Ijo6MSIsInVhIjoiTW96aWxsYS81LjAgKFdpbmRvd3MgTlQgMTAuMDsgV2luNjQ7IHg2NCkgQXBwbGVXZWJLaXQvNTM3LjM2IChLSFRNTCwgbGlrZSBHZWNrbykgQ2hyb21lLzgzLjAuNDEwMy4xMDYgU2FmYXJpLzUzNy4zNiIsImlhdCI6MTU5MjQ4ODU5N30.KmEr1uxr_3wr7aNG7xreBNG7GIMbxdWBMcsIVR8Qpcw', '2020-07-19 13:56:37', 1),
	(23, 3, '2020-06-18 18:21:23', 'eyJhbGciOiJIUzI1NiIsInR5cCI6IkpXVCJ9.eyJyb2xlIjoic3R1ZGVudCIsImlkIjozLCJleHAiOjE1OTUxNzU2ODMuMDYsImlwIjoiOjoxIiwidWEiOiJNb3ppbGxhLzUuMCAoV2luZG93cyBOVCAxMC4wOyBXaW42NDsgeDY0KSBBcHBsZVdlYktpdC81MzcuMzYgKEtIVE1MLCBsaWtlIEdlY2tvKSBDaHJvbWUvODMuMC40MTAzLjEwNiBTYWZhcmkvNTM3LjM2IiwiaWF0IjoxNTkyNDk3MjgzfQ.Fqe5jZY0euyTnEZRb_LZ6Mg-0L-4I4YgeShipgiN3PM', '2020-07-19 16:21:23', 1),
	(24, 3, '2020-06-18 18:26:52', 'eyJhbGciOiJIUzI1NiIsInR5cCI6IkpXVCJ9.eyJyb2xlIjoic3R1ZGVudCIsImlkIjozLCJleHAiOjE1OTUxNzYwMTIuMTU1LCJpcCI6Ijo6MSIsInVhIjoiTW96aWxsYS81LjAgKFdpbmRvd3MgTlQgMTAuMDsgV2luNjQ7IHg2NCkgQXBwbGVXZWJLaXQvNTM3LjM2IChLSFRNTCwgbGlrZSBHZWNrbykgQ2hyb21lLzgzLjAuNDEwMy4xMDYgU2FmYXJpLzUzNy4zNiIsImlhdCI6MTU5MjQ5NzYxMn0.aWTTSa4mXfwrSG09hCMN0kuaciWZpJCkp7yePKA4s6A', '2020-07-19 16:26:52', 1),
	(25, 3, '2020-06-18 18:41:30', 'eyJhbGciOiJIUzI1NiIsInR5cCI6IkpXVCJ9.eyJyb2xlIjoic3R1ZGVudCIsImlkIjozLCJleHAiOjE1OTUxNzY4ODkuNDE3LCJpcCI6Ijo6MSIsInVhIjoiTW96aWxsYS81LjAgKFdpbmRvd3MgTlQgMTAuMDsgV2luNjQ7IHg2NCkgQXBwbGVXZWJLaXQvNTM3LjM2IChLSFRNTCwgbGlrZSBHZWNrbykgQ2hyb21lLzgzLjAuNDEwMy4xMDYgU2FmYXJpLzUzNy4zNiIsImlhdCI6MTU5MjQ5ODQ4OX0.0CuPG_Qs4nXnmghW1hYg52qXw71Q2wQ7PlaQDLFJH3o', '2020-07-19 16:41:29', 1),
	(26, 3, '2020-06-18 19:00:46', 'eyJhbGciOiJIUzI1NiIsInR5cCI6IkpXVCJ9.eyJyb2xlIjoic3R1ZGVudCIsImlkIjozLCJleHAiOjE1OTUxNzgwNDYuNDk3LCJpcCI6Ijo6MSIsInVhIjoiTW96aWxsYS81LjAgKFdpbmRvd3MgTlQgMTAuMDsgV2luNjQ7IHg2NCkgQXBwbGVXZWJLaXQvNTM3LjM2IChLSFRNTCwgbGlrZSBHZWNrbykgQ2hyb21lLzgzLjAuNDEwMy4xMDYgU2FmYXJpLzUzNy4zNiIsImlhdCI6MTU5MjQ5OTY0Nn0.BQGeuGuhhWQKhcscp3e89VYiuMWq4RQAnDf_1Ed0FX0', '2020-07-19 17:00:46', 1),
	(27, 3, '2020-06-18 21:07:12', 'eyJhbGciOiJIUzI1NiIsInR5cCI6IkpXVCJ9.eyJyb2xlIjoic3R1ZGVudCIsImlkIjozLCJleHAiOjE1OTUxODU2MzIuMjgxLCJpcCI6Ijo6MSIsInVhIjoiTW96aWxsYS81LjAgKFdpbmRvd3MgTlQgMTAuMDsgV2luNjQ7IHg2NCkgQXBwbGVXZWJLaXQvNTM3LjM2IChLSFRNTCwgbGlrZSBHZWNrbykgQ2hyb21lLzgzLjAuNDEwMy4xMDYgU2FmYXJpLzUzNy4zNiIsImlhdCI6MTU5MjUwNzIzMn0.QtvxHcvGx0_M0vJz9jaYvGY4PwzC1l3VPeTt2X0qLI4', '2020-07-19 19:07:12', 1),
	(28, 3, '2020-06-18 21:08:13', 'eyJhbGciOiJIUzI1NiIsInR5cCI6IkpXVCJ9.eyJyb2xlIjoic3R1ZGVudCIsImlkIjozLCJleHAiOjE1OTUxODU2OTMuNDMxLCJpcCI6Ijo6MSIsInVhIjoiTW96aWxsYS81LjAgKFdpbmRvd3MgTlQgMTAuMDsgV2luNjQ7IHg2NCkgQXBwbGVXZWJLaXQvNTM3LjM2IChLSFRNTCwgbGlrZSBHZWNrbykgQ2hyb21lLzgzLjAuNDEwMy4xMDYgU2FmYXJpLzUzNy4zNiIsImlhdCI6MTU5MjUwNzI5M30.Avj2psEhejQlFp51UrUtCHhDkcYKItZ4bD6-sMvp1Is', '2020-07-19 19:08:13', 1),
	(29, 3, '2020-06-18 21:18:03', 'eyJhbGciOiJIUzI1NiIsInR5cCI6IkpXVCJ9.eyJyb2xlIjoic3R1ZGVudCIsImlkIjozLCJleHAiOjE1OTUxODYyODMuOTkzLCJpcCI6Ijo6MSIsInVhIjoiTW96aWxsYS81LjAgKFdpbmRvd3MgTlQgMTAuMDsgV2luNjQ7IHg2NCkgQXBwbGVXZWJLaXQvNTM3LjM2IChLSFRNTCwgbGlrZSBHZWNrbykgQ2hyb21lLzgzLjAuNDEwMy4xMDYgU2FmYXJpLzUzNy4zNiIsImlhdCI6MTU5MjUwNzg4M30.RoTxI5jYaEiPskar25EMk7aQcPRqCv0gK_QC1XpCpUE', '2020-07-19 19:18:03', 1),
	(30, 3, '2020-06-18 21:25:36', 'eyJhbGciOiJIUzI1NiIsInR5cCI6IkpXVCJ9.eyJyb2xlIjoic3R1ZGVudCIsImlkIjozLCJleHAiOjE1OTUxODY3MzYuMzk5LCJpcCI6Ijo6MSIsInVhIjoiTW96aWxsYS81LjAgKFdpbmRvd3MgTlQgMTAuMDsgV2luNjQ7IHg2NCkgQXBwbGVXZWJLaXQvNTM3LjM2IChLSFRNTCwgbGlrZSBHZWNrbykgQ2hyb21lLzgzLjAuNDEwMy4xMDYgU2FmYXJpLzUzNy4zNiIsImlhdCI6MTU5MjUwODMzNn0.JRvy9d-pRsrPwsyu_g1YpEtspY7iAmpFCPW-yIwpivk', '2020-07-19 19:25:36', 1),
	(31, 3, '2020-06-18 21:36:17', 'eyJhbGciOiJIUzI1NiIsInR5cCI6IkpXVCJ9.eyJyb2xlIjoic3R1ZGVudCIsImlkIjozLCJleHAiOjE1OTUxODczNzcuNzY2LCJpcCI6Ijo6MSIsInVhIjoiTW96aWxsYS81LjAgKFdpbmRvd3MgTlQgMTAuMDsgV2luNjQ7IHg2NCkgQXBwbGVXZWJLaXQvNTM3LjM2IChLSFRNTCwgbGlrZSBHZWNrbykgQ2hyb21lLzgzLjAuNDEwMy4xMDYgU2FmYXJpLzUzNy4zNiIsImlhdCI6MTU5MjUwODk3N30.w3AscYabtPFnOfKZfEHD7IycwjGAdrTOAu-iR3NOK7M', '2020-07-19 19:36:17', 1),
	(32, 3, '2020-06-18 21:54:38', 'eyJhbGciOiJIUzI1NiIsInR5cCI6IkpXVCJ9.eyJyb2xlIjoic3R1ZGVudCIsImlkIjozLCJleHAiOjE1OTUxODg0NzguMTg5LCJpcCI6Ijo6MSIsInVhIjoiTW96aWxsYS81LjAgKFdpbmRvd3MgTlQgMTAuMDsgV2luNjQ7IHg2NCkgQXBwbGVXZWJLaXQvNTM3LjM2IChLSFRNTCwgbGlrZSBHZWNrbykgQ2hyb21lLzgzLjAuNDEwMy4xMDYgU2FmYXJpLzUzNy4zNiIsImlhdCI6MTU5MjUxMDA3OH0.ejppJ8LKJuzfpYX8AMVQUCeWrGotI2UgVHpoUxZ3dDA', '2020-07-19 19:54:38', 1),
	(33, 3, '2020-06-18 22:01:13', 'eyJhbGciOiJIUzI1NiIsInR5cCI6IkpXVCJ9.eyJyb2xlIjoic3R1ZGVudCIsImlkIjozLCJleHAiOjE1OTUxODg4NzMuODExLCJpcCI6Ijo6MSIsInVhIjoiTW96aWxsYS81LjAgKFdpbmRvd3MgTlQgMTAuMDsgV2luNjQ7IHg2NCkgQXBwbGVXZWJLaXQvNTM3LjM2IChLSFRNTCwgbGlrZSBHZWNrbykgQ2hyb21lLzgzLjAuNDEwMy4xMDYgU2FmYXJpLzUzNy4zNiIsImlhdCI6MTU5MjUxMDQ3M30.8yDJqPEq4k4Jb3ih5t5U9mTo6NCqHFv2VyujohPayjU', '2020-07-19 20:01:13', 1),
	(34, 3, '2020-06-18 22:10:43', 'eyJhbGciOiJIUzI1NiIsInR5cCI6IkpXVCJ9.eyJyb2xlIjoic3R1ZGVudCIsImlkIjozLCJleHAiOjE1OTUxODk0NDMuODM3LCJpcCI6Ijo6MSIsInVhIjoiTW96aWxsYS81LjAgKFdpbmRvd3MgTlQgMTAuMDsgV2luNjQ7IHg2NCkgQXBwbGVXZWJLaXQvNTM3LjM2IChLSFRNTCwgbGlrZSBHZWNrbykgQ2hyb21lLzgzLjAuNDEwMy4xMDYgU2FmYXJpLzUzNy4zNiIsImlhdCI6MTU5MjUxMTA0M30.hKeleqHRLJHw3JZsl29ex0147A7MdJAXKKKXzD0biHU', '2020-07-19 20:10:43', 1),
	(35, 3, '2020-06-18 22:27:29', 'eyJhbGciOiJIUzI1NiIsInR5cCI6IkpXVCJ9.eyJyb2xlIjoic3R1ZGVudCIsImlkIjozLCJleHAiOjE1OTUxOTA0NDkuMjc1LCJpcCI6Ijo6MSIsInVhIjoiTW96aWxsYS81LjAgKFdpbmRvd3MgTlQgMTAuMDsgV2luNjQ7IHg2NCkgQXBwbGVXZWJLaXQvNTM3LjM2IChLSFRNTCwgbGlrZSBHZWNrbykgQ2hyb21lLzgzLjAuNDEwMy4xMDYgU2FmYXJpLzUzNy4zNiIsImlhdCI6MTU5MjUxMjA0OX0.Be-1foTIzjBfACRcPQ8jy4Vf2lD07qMomeu3l1tYZQ0', '2020-07-19 20:27:29', 1),
	(36, 3, '2020-06-18 22:32:24', 'eyJhbGciOiJIUzI1NiIsInR5cCI6IkpXVCJ9.eyJyb2xlIjoic3R1ZGVudCIsImlkIjozLCJleHAiOjE1OTUxOTA3NDQuNTY1LCJpcCI6Ijo6MSIsInVhIjoiUG9zdG1hblJ1bnRpbWUvNy4yNS4wIiwiaWF0IjoxNTkyNTEyMzQ0fQ.DnjZ4iWb-8cvB4HkhqRNJ3QdP0CQel6YIYMEpmRg8Ag', '2020-07-19 20:32:24', 1),
	(37, 4, '2020-06-18 22:34:05', 'eyJhbGciOiJIUzI1NiIsInR5cCI6IkpXVCJ9.eyJyb2xlIjoic3R1ZGVudCIsImlkIjo0LCJleHAiOjE1OTUxOTA4NDUuNzY0LCJpcCI6Ijo6MSIsInVhIjoiTW96aWxsYS81LjAgKFdpbmRvd3MgTlQgMTAuMDsgV2luNjQ7IHg2NCkgQXBwbGVXZWJLaXQvNTM3LjM2IChLSFRNTCwgbGlrZSBHZWNrbykgQ2hyb21lLzgzLjAuNDEwMy4xMDYgU2FmYXJpLzUzNy4zNiIsImlhdCI6MTU5MjUxMjQ0NX0.alhQc4libEgNFxALwjCaJXFLZepUtgFLVvbUFZQykig', '2020-07-19 20:34:05', 1),
	(38, 4, '2020-06-18 22:39:46', 'eyJhbGciOiJIUzI1NiIsInR5cCI6IkpXVCJ9.eyJyb2xlIjoic3R1ZGVudCIsImlkIjo0LCJleHAiOjE1OTUxOTExODYuNTUyLCJpcCI6Ijo6MSIsInVhIjoiTW96aWxsYS81LjAgKFdpbmRvd3MgTlQgMTAuMDsgV2luNjQ7IHg2NCkgQXBwbGVXZWJLaXQvNTM3LjM2IChLSFRNTCwgbGlrZSBHZWNrbykgQ2hyb21lLzgzLjAuNDEwMy4xMDYgU2FmYXJpLzUzNy4zNiIsImlhdCI6MTU5MjUxMjc4Nn0.6c4f0Es4zqaTqCnqIRtIp2tBNYB6JTRZteanTpjdVBY', '2020-07-19 20:39:46', 1),
	(39, 4, '2020-06-18 22:39:53', 'eyJhbGciOiJIUzI1NiIsInR5cCI6IkpXVCJ9.eyJyb2xlIjoic3R1ZGVudCIsImlkIjo0LCJleHAiOjE1OTUxOTExOTMuODU1LCJpcCI6Ijo6MSIsInVhIjoiTW96aWxsYS81LjAgKFdpbmRvd3MgTlQgMTAuMDsgV2luNjQ7IHg2NCkgQXBwbGVXZWJLaXQvNTM3LjM2IChLSFRNTCwgbGlrZSBHZWNrbykgQ2hyb21lLzgzLjAuNDEwMy4xMDYgU2FmYXJpLzUzNy4zNiIsImlhdCI6MTU5MjUxMjc5M30.gOmVoin5g8kps9aUgzgESMVgfyZWTKD3pLD7NWGkp4M', '2020-07-19 20:39:53', 1),
	(40, 4, '2020-06-18 22:39:54', 'eyJhbGciOiJIUzI1NiIsInR5cCI6IkpXVCJ9.eyJyb2xlIjoic3R1ZGVudCIsImlkIjo0LCJleHAiOjE1OTUxOTExOTQuMTk2LCJpcCI6Ijo6MSIsInVhIjoiTW96aWxsYS81LjAgKFdpbmRvd3MgTlQgMTAuMDsgV2luNjQ7IHg2NCkgQXBwbGVXZWJLaXQvNTM3LjM2IChLSFRNTCwgbGlrZSBHZWNrbykgQ2hyb21lLzgzLjAuNDEwMy4xMDYgU2FmYXJpLzUzNy4zNiIsImlhdCI6MTU5MjUxMjc5NH0.FWMrtNjxjDdK771FriX4qATAf40RklZPrdxuRW12E5k', '2020-07-19 20:39:54', 1),
	(41, 4, '2020-06-18 22:40:06', 'eyJhbGciOiJIUzI1NiIsInR5cCI6IkpXVCJ9.eyJyb2xlIjoic3R1ZGVudCIsImlkIjo0LCJleHAiOjE1OTUxOTEyMDYuNDk4LCJpcCI6Ijo6MSIsInVhIjoiTW96aWxsYS81LjAgKFdpbmRvd3MgTlQgMTAuMDsgV2luNjQ7IHg2NCkgQXBwbGVXZWJLaXQvNTM3LjM2IChLSFRNTCwgbGlrZSBHZWNrbykgQ2hyb21lLzgzLjAuNDEwMy4xMDYgU2FmYXJpLzUzNy4zNiIsImlhdCI6MTU5MjUxMjgwNn0.WF7zRURbR5zWQgeLVOS_DHxUU0ZQbQ52Ev3hoQEdLoQ', '2020-07-19 20:40:06', 1),
	(42, 4, '2020-06-18 22:40:14', 'eyJhbGciOiJIUzI1NiIsInR5cCI6IkpXVCJ9.eyJyb2xlIjoic3R1ZGVudCIsImlkIjo0LCJleHAiOjE1OTUxOTEyMTQuNjY1LCJpcCI6Ijo6MSIsInVhIjoiTW96aWxsYS81LjAgKFdpbmRvd3MgTlQgMTAuMDsgV2luNjQ7IHg2NCkgQXBwbGVXZWJLaXQvNTM3LjM2IChLSFRNTCwgbGlrZSBHZWNrbykgQ2hyb21lLzgzLjAuNDEwMy4xMDYgU2FmYXJpLzUzNy4zNiIsImlhdCI6MTU5MjUxMjgxNH0.3k9tPWK4Eiz75mQIkiqrCvt7n9VaYRitZo5TY1Kf29o', '2020-07-19 20:40:14', 1),
	(43, 4, '2020-06-18 22:40:41', 'eyJhbGciOiJIUzI1NiIsInR5cCI6IkpXVCJ9.eyJyb2xlIjoic3R1ZGVudCIsImlkIjo0LCJleHAiOjE1OTUxOTEyNDEuNTE1LCJpcCI6Ijo6MSIsInVhIjoiTW96aWxsYS81LjAgKFdpbmRvd3MgTlQgMTAuMDsgV2luNjQ7IHg2NCkgQXBwbGVXZWJLaXQvNTM3LjM2IChLSFRNTCwgbGlrZSBHZWNrbykgQ2hyb21lLzgzLjAuNDEwMy4xMDYgU2FmYXJpLzUzNy4zNiIsImlhdCI6MTU5MjUxMjg0MX0.r_zFql1cEKdFMDVeO25vXNe9s-Hni7tiAXowHW6lxlg', '2020-07-19 20:40:41', 1),
	(44, 4, '2020-06-18 22:40:43', 'eyJhbGciOiJIUzI1NiIsInR5cCI6IkpXVCJ9.eyJyb2xlIjoic3R1ZGVudCIsImlkIjo0LCJleHAiOjE1OTUxOTEyNDMuNDY5LCJpcCI6Ijo6MSIsInVhIjoiTW96aWxsYS81LjAgKFdpbmRvd3MgTlQgMTAuMDsgV2luNjQ7IHg2NCkgQXBwbGVXZWJLaXQvNTM3LjM2IChLSFRNTCwgbGlrZSBHZWNrbykgQ2hyb21lLzgzLjAuNDEwMy4xMDYgU2FmYXJpLzUzNy4zNiIsImlhdCI6MTU5MjUxMjg0M30.9pWfuWdIImtKbD4mo9xd9C5RsHGVG3aqDBCoZ3Q6Ubg', '2020-07-19 20:40:43', 1),
	(45, 4, '2020-06-18 22:40:43', 'eyJhbGciOiJIUzI1NiIsInR5cCI6IkpXVCJ9.eyJyb2xlIjoic3R1ZGVudCIsImlkIjo0LCJleHAiOjE1OTUxOTEyNDMuNjQ0LCJpcCI6Ijo6MSIsInVhIjoiTW96aWxsYS81LjAgKFdpbmRvd3MgTlQgMTAuMDsgV2luNjQ7IHg2NCkgQXBwbGVXZWJLaXQvNTM3LjM2IChLSFRNTCwgbGlrZSBHZWNrbykgQ2hyb21lLzgzLjAuNDEwMy4xMDYgU2FmYXJpLzUzNy4zNiIsImlhdCI6MTU5MjUxMjg0M30.bCQvlsPdcXdJ0M1UHWYjKLFrdt4nykJxXAAYknKi__Y', '2020-07-19 20:40:43', 1),
	(46, 4, '2020-06-18 22:40:43', 'eyJhbGciOiJIUzI1NiIsInR5cCI6IkpXVCJ9.eyJyb2xlIjoic3R1ZGVudCIsImlkIjo0LCJleHAiOjE1OTUxOTEyNDMuODI3LCJpcCI6Ijo6MSIsInVhIjoiTW96aWxsYS81LjAgKFdpbmRvd3MgTlQgMTAuMDsgV2luNjQ7IHg2NCkgQXBwbGVXZWJLaXQvNTM3LjM2IChLSFRNTCwgbGlrZSBHZWNrbykgQ2hyb21lLzgzLjAuNDEwMy4xMDYgU2FmYXJpLzUzNy4zNiIsImlhdCI6MTU5MjUxMjg0M30.FJLLBRV83pu2YNrFgpGrK0oh3rsZ10FUXYYs0FdxLYY', '2020-07-19 20:40:43', 1),
	(47, 4, '2020-06-18 22:40:44', 'eyJhbGciOiJIUzI1NiIsInR5cCI6IkpXVCJ9.eyJyb2xlIjoic3R1ZGVudCIsImlkIjo0LCJleHAiOjE1OTUxOTEyNDQuMDUxLCJpcCI6Ijo6MSIsInVhIjoiTW96aWxsYS81LjAgKFdpbmRvd3MgTlQgMTAuMDsgV2luNjQ7IHg2NCkgQXBwbGVXZWJLaXQvNTM3LjM2IChLSFRNTCwgbGlrZSBHZWNrbykgQ2hyb21lLzgzLjAuNDEwMy4xMDYgU2FmYXJpLzUzNy4zNiIsImlhdCI6MTU5MjUxMjg0NH0.jKcEx86vaVRcrMFo35op8UHMiLZdRH-sup1y1KpCpW4', '2020-07-19 20:40:44', 1),
	(48, 4, '2020-06-18 22:40:44', 'eyJhbGciOiJIUzI1NiIsInR5cCI6IkpXVCJ9.eyJyb2xlIjoic3R1ZGVudCIsImlkIjo0LCJleHAiOjE1OTUxOTEyNDQuMjA5LCJpcCI6Ijo6MSIsInVhIjoiTW96aWxsYS81LjAgKFdpbmRvd3MgTlQgMTAuMDsgV2luNjQ7IHg2NCkgQXBwbGVXZWJLaXQvNTM3LjM2IChLSFRNTCwgbGlrZSBHZWNrbykgQ2hyb21lLzgzLjAuNDEwMy4xMDYgU2FmYXJpLzUzNy4zNiIsImlhdCI6MTU5MjUxMjg0NH0.jttB_L_GFnS8NyxYRdL9W0ehEMwM1tfUXSpOQiVs6m4', '2020-07-19 20:40:44', 1),
	(49, 4, '2020-06-18 22:40:44', 'eyJhbGciOiJIUzI1NiIsInR5cCI6IkpXVCJ9.eyJyb2xlIjoic3R1ZGVudCIsImlkIjo0LCJleHAiOjE1OTUxOTEyNDQuMzcxLCJpcCI6Ijo6MSIsInVhIjoiTW96aWxsYS81LjAgKFdpbmRvd3MgTlQgMTAuMDsgV2luNjQ7IHg2NCkgQXBwbGVXZWJLaXQvNTM3LjM2IChLSFRNTCwgbGlrZSBHZWNrbykgQ2hyb21lLzgzLjAuNDEwMy4xMDYgU2FmYXJpLzUzNy4zNiIsImlhdCI6MTU5MjUxMjg0NH0.VIuR0cOex5b9dEhKWiT5ZRIgPVI_DcFpkweEeAiVE_U', '2020-07-19 20:40:44', 1),
	(50, 4, '2020-06-18 22:40:44', 'eyJhbGciOiJIUzI1NiIsInR5cCI6IkpXVCJ9.eyJyb2xlIjoic3R1ZGVudCIsImlkIjo0LCJleHAiOjE1OTUxOTEyNDQuNTU3LCJpcCI6Ijo6MSIsInVhIjoiTW96aWxsYS81LjAgKFdpbmRvd3MgTlQgMTAuMDsgV2luNjQ7IHg2NCkgQXBwbGVXZWJLaXQvNTM3LjM2IChLSFRNTCwgbGlrZSBHZWNrbykgQ2hyb21lLzgzLjAuNDEwMy4xMDYgU2FmYXJpLzUzNy4zNiIsImlhdCI6MTU5MjUxMjg0NH0.fOnDwwgW8d2Wgk3Xwx3K8OXUVkUGcoaTmd9iFzzSW8A', '2020-07-19 20:40:44', 1),
	(51, 4, '2020-06-18 22:40:44', 'eyJhbGciOiJIUzI1NiIsInR5cCI6IkpXVCJ9.eyJyb2xlIjoic3R1ZGVudCIsImlkIjo0LCJleHAiOjE1OTUxOTEyNDQuNzYsImlwIjoiOjoxIiwidWEiOiJNb3ppbGxhLzUuMCAoV2luZG93cyBOVCAxMC4wOyBXaW42NDsgeDY0KSBBcHBsZVdlYktpdC81MzcuMzYgKEtIVE1MLCBsaWtlIEdlY2tvKSBDaHJvbWUvODMuMC40MTAzLjEwNiBTYWZhcmkvNTM3LjM2IiwiaWF0IjoxNTkyNTEyODQ0fQ.oUNanjIbgaYzW_RfnzbIDsqNKPu-GqyHT7jyI8YQYwo', '2020-07-19 20:40:44', 1),
	(52, 3, '2020-06-18 22:40:48', 'eyJhbGciOiJIUzI1NiIsInR5cCI6IkpXVCJ9.eyJyb2xlIjoic3R1ZGVudCIsImlkIjozLCJleHAiOjE1OTUxOTEyNDguNTcyLCJpcCI6Ijo6MSIsInVhIjoiTW96aWxsYS81LjAgKFdpbmRvd3MgTlQgMTAuMDsgV2luNjQ7IHg2NCkgQXBwbGVXZWJLaXQvNTM3LjM2IChLSFRNTCwgbGlrZSBHZWNrbykgQ2hyb21lLzgzLjAuNDEwMy4xMDYgU2FmYXJpLzUzNy4zNiIsImlhdCI6MTU5MjUxMjg0OH0.lnUqxjIIp-zWgyuxlHpLSWHdy1hk_yRQcTzcrij1RaU', '2020-07-19 20:40:48', 1),
	(53, 3, '2020-06-18 22:40:49', 'eyJhbGciOiJIUzI1NiIsInR5cCI6IkpXVCJ9.eyJyb2xlIjoic3R1ZGVudCIsImlkIjozLCJleHAiOjE1OTUxOTEyNDkuNjgzLCJpcCI6Ijo6MSIsInVhIjoiTW96aWxsYS81LjAgKFdpbmRvd3MgTlQgMTAuMDsgV2luNjQ7IHg2NCkgQXBwbGVXZWJLaXQvNTM3LjM2IChLSFRNTCwgbGlrZSBHZWNrbykgQ2hyb21lLzgzLjAuNDEwMy4xMDYgU2FmYXJpLzUzNy4zNiIsImlhdCI6MTU5MjUxMjg0OX0.lgBQCX-oJLJIVt8Z57qBE3tys8ffoOafdTalntJOPAQ', '2020-07-19 20:40:49', 1),
	(54, 3, '2020-06-18 22:40:50', 'eyJhbGciOiJIUzI1NiIsInR5cCI6IkpXVCJ9.eyJyb2xlIjoic3R1ZGVudCIsImlkIjozLCJleHAiOjE1OTUxOTEyNTAuMjgzLCJpcCI6Ijo6MSIsInVhIjoiTW96aWxsYS81LjAgKFdpbmRvd3MgTlQgMTAuMDsgV2luNjQ7IHg2NCkgQXBwbGVXZWJLaXQvNTM3LjM2IChLSFRNTCwgbGlrZSBHZWNrbykgQ2hyb21lLzgzLjAuNDEwMy4xMDYgU2FmYXJpLzUzNy4zNiIsImlhdCI6MTU5MjUxMjg1MH0.fBppdV4RPpgwZ2W9JaHKMOI502YUheJqkrHElhdzJpU', '2020-07-19 20:40:50', 1),
	(55, 3, '2020-06-18 22:40:50', 'eyJhbGciOiJIUzI1NiIsInR5cCI6IkpXVCJ9.eyJyb2xlIjoic3R1ZGVudCIsImlkIjozLCJleHAiOjE1OTUxOTEyNTAuNjIsImlwIjoiOjoxIiwidWEiOiJNb3ppbGxhLzUuMCAoV2luZG93cyBOVCAxMC4wOyBXaW42NDsgeDY0KSBBcHBsZVdlYktpdC81MzcuMzYgKEtIVE1MLCBsaWtlIEdlY2tvKSBDaHJvbWUvODMuMC40MTAzLjEwNiBTYWZhcmkvNTM3LjM2IiwiaWF0IjoxNTkyNTEyODUwfQ.cBsSiAunv9Gle1lrrnesGBxIKlMqF521mxMwzvG-bZc', '2020-07-19 20:40:50', 1),
	(56, 3, '2020-06-18 22:40:50', 'eyJhbGciOiJIUzI1NiIsInR5cCI6IkpXVCJ9.eyJyb2xlIjoic3R1ZGVudCIsImlkIjozLCJleHAiOjE1OTUxOTEyNTAuODI0LCJpcCI6Ijo6MSIsInVhIjoiTW96aWxsYS81LjAgKFdpbmRvd3MgTlQgMTAuMDsgV2luNjQ7IHg2NCkgQXBwbGVXZWJLaXQvNTM3LjM2IChLSFRNTCwgbGlrZSBHZWNrbykgQ2hyb21lLzgzLjAuNDEwMy4xMDYgU2FmYXJpLzUzNy4zNiIsImlhdCI6MTU5MjUxMjg1MH0.4Vg0rjee09HiU9hCGc_OJmq7RXeKTiu0Xyw_vgtl2pg', '2020-07-19 20:40:50', 1),
	(57, 3, '2020-06-18 22:40:51', 'eyJhbGciOiJIUzI1NiIsInR5cCI6IkpXVCJ9.eyJyb2xlIjoic3R1ZGVudCIsImlkIjozLCJleHAiOjE1OTUxOTEyNTEuMDMxLCJpcCI6Ijo6MSIsInVhIjoiTW96aWxsYS81LjAgKFdpbmRvd3MgTlQgMTAuMDsgV2luNjQ7IHg2NCkgQXBwbGVXZWJLaXQvNTM3LjM2IChLSFRNTCwgbGlrZSBHZWNrbykgQ2hyb21lLzgzLjAuNDEwMy4xMDYgU2FmYXJpLzUzNy4zNiIsImlhdCI6MTU5MjUxMjg1MX0.TbA-mFtuNI0qW548TK4pal1UfspXcljzV-nfTNPtyzM', '2020-07-19 20:40:51', 1),
	(58, 3, '2020-06-18 22:40:51', 'eyJhbGciOiJIUzI1NiIsInR5cCI6IkpXVCJ9.eyJyb2xlIjoic3R1ZGVudCIsImlkIjozLCJleHAiOjE1OTUxOTEyNTEuMjM3LCJpcCI6Ijo6MSIsInVhIjoiTW96aWxsYS81LjAgKFdpbmRvd3MgTlQgMTAuMDsgV2luNjQ7IHg2NCkgQXBwbGVXZWJLaXQvNTM3LjM2IChLSFRNTCwgbGlrZSBHZWNrbykgQ2hyb21lLzgzLjAuNDEwMy4xMDYgU2FmYXJpLzUzNy4zNiIsImlhdCI6MTU5MjUxMjg1MX0.yaHNwhpNgwn1etpS3FW6JxZZCWDgzPsTNkBQakUv3W0', '2020-07-19 20:40:51', 1),
	(59, 3, '2020-06-18 22:40:51', 'eyJhbGciOiJIUzI1NiIsInR5cCI6IkpXVCJ9.eyJyb2xlIjoic3R1ZGVudCIsImlkIjozLCJleHAiOjE1OTUxOTEyNTEuNDQzLCJpcCI6Ijo6MSIsInVhIjoiTW96aWxsYS81LjAgKFdpbmRvd3MgTlQgMTAuMDsgV2luNjQ7IHg2NCkgQXBwbGVXZWJLaXQvNTM3LjM2IChLSFRNTCwgbGlrZSBHZWNrbykgQ2hyb21lLzgzLjAuNDEwMy4xMDYgU2FmYXJpLzUzNy4zNiIsImlhdCI6MTU5MjUxMjg1MX0.zERXFtR5NU8Er2WdksiKdcEOafhyG5m9rkhqiWy8X9Q', '2020-07-19 20:40:51', 1);
/*!40000 ALTER TABLE `student_token` ENABLE KEYS */;

/*!40101 SET SQL_MODE=IFNULL(@OLD_SQL_MODE, '') */;
/*!40014 SET FOREIGN_KEY_CHECKS=IF(@OLD_FOREIGN_KEY_CHECKS IS NULL, 1, @OLD_FOREIGN_KEY_CHECKS) */;
/*!40101 SET CHARACTER_SET_CLIENT=@OLD_CHARACTER_SET_CLIENT */;
