-- --------------------------------------------------------
-- Host:                         localhost
-- Server version:               10.4.11-MariaDB - mariadb.org binary distribution
-- Server OS:                    Win64
-- HeidiSQL Version:             10.3.0.5771
-- --------------------------------------------------------

/*!40101 SET @OLD_CHARACTER_SET_CLIENT=@@CHARACTER_SET_CLIENT */;
/*!40101 SET NAMES utf8 */;
/*!50503 SET NAMES utf8mb4 */;
/*!40014 SET @OLD_FOREIGN_KEY_CHECKS=@@FOREIGN_KEY_CHECKS, FOREIGN_KEY_CHECKS=0 */;
/*!40101 SET @OLD_SQL_MODE=@@SQL_MODE, SQL_MODE='NO_AUTO_VALUE_ON_ZERO' */;


-- Dumping database structure for library
DROP DATABASE IF EXISTS `library`;
CREATE DATABASE IF NOT EXISTS `library` /*!40100 DEFAULT CHARACTER SET utf8mb4 */;
USE `library`;

-- Dumping structure for table library.author
DROP TABLE IF EXISTS `author`;
CREATE TABLE IF NOT EXISTS `author` (
  `author_id` int(10) unsigned NOT NULL AUTO_INCREMENT,
  `forename` varchar(32) NOT NULL DEFAULT '0',
  `surename` varchar(32) NOT NULL DEFAULT '0',
  PRIMARY KEY (`author_id`)
) ENGINE=InnoDB AUTO_INCREMENT=5 DEFAULT CHARSET=utf8mb4;

-- Dumping data for table library.author: ~3 rows (approximately)
DELETE FROM `author`;
/*!40000 ALTER TABLE `author` DISABLE KEYS */;
INSERT INTO `author` (`author_id`, `forename`, `surename`) VALUES
	(1, 'Bler', 'Holden'),
	(2, 'Ketrin', 'Bajbi'),
	(3, 'Ivo', 'Andric'),
	(4, 'Dobricaa', 'Cosic');
/*!40000 ALTER TABLE `author` ENABLE KEYS */;

-- Dumping structure for table library.book
DROP TABLE IF EXISTS `book`;
CREATE TABLE IF NOT EXISTS `book` (
  `book_id` int(10) unsigned NOT NULL AUTO_INCREMENT,
  `title` varchar(128) NOT NULL DEFAULT '0',
  `category_id` int(10) unsigned NOT NULL DEFAULT 0,
  `author_id` int(10) unsigned NOT NULL DEFAULT 0,
  `excerpt` varchar(255) NOT NULL DEFAULT '0',
  `description` text NOT NULL,
  `isbn` varchar(13) NOT NULL DEFAULT '0',
  `status` enum('rented','lost','destroyed','avaiable','not-avaiable','reserved') NOT NULL DEFAULT 'avaiable',
  PRIMARY KEY (`book_id`),
  KEY `fk_book_author_id` (`author_id`),
  KEY `fk_book_category_id` (`category_id`),
  CONSTRAINT `fk_book_author_id` FOREIGN KEY (`author_id`) REFERENCES `author` (`author_id`) ON UPDATE CASCADE,
  CONSTRAINT `fk_book_category_id` FOREIGN KEY (`category_id`) REFERENCES `category` (`category_id`) ON UPDATE CASCADE
) ENGINE=InnoDB AUTO_INCREMENT=6 DEFAULT CHARSET=utf8mb4;

-- Dumping data for table library.book: ~2 rows (approximately)
DELETE FROM `book`;
/*!40000 ALTER TABLE `book` DISABLE KEYS */;
INSERT INTO `book` (`book_id`, `title`, `category_id`, `author_id`, `excerpt`, `description`, `isbn`, `status`) VALUES
	(4, 'Udata do ponedeljka', 1, 2, 'Kratak ops...', 'Duzi opis..', '123213', 'avaiable'),
	(5, 'Njegova devojka', 1, 1, 'Kratak opis..', 'Duzi opis....', '123555555', 'lost');
/*!40000 ALTER TABLE `book` ENABLE KEYS */;

-- Dumping structure for table library.category
DROP TABLE IF EXISTS `category`;
CREATE TABLE IF NOT EXISTS `category` (
  `category_id` int(10) unsigned NOT NULL AUTO_INCREMENT,
  `name` varchar(32) NOT NULL DEFAULT '0',
  `image_path` varchar(150) NOT NULL,
  PRIMARY KEY (`category_id`),
  UNIQUE KEY `uq_categorty_name` (`name`)
) ENGINE=InnoDB AUTO_INCREMENT=6 DEFAULT CHARSET=utf8mb4;

-- Dumping data for table library.category: ~4 rows (approximately)
DELETE FROM `category`;
/*!40000 ALTER TABLE `category` DISABLE KEYS */;
INSERT INTO `category` (`category_id`, `name`, `image_path`) VALUES
	(1, 'Ljubavne knjige', 'assets/love.jpg'),
	(2, 'Istorija', 'www.istorija.com'),
	(3, 'Decije knjige', 'assets/dknjge'),
	(5, 'Putopis knjige', 'assets/putopis');
/*!40000 ALTER TABLE `category` ENABLE KEYS */;

-- Dumping structure for table library.librarian
DROP TABLE IF EXISTS `librarian`;
CREATE TABLE IF NOT EXISTS `librarian` (
  `librarian_id` int(10) unsigned NOT NULL AUTO_INCREMENT,
  `username` varchar(32) NOT NULL DEFAULT '0',
  `password_hash` varchar(128) NOT NULL DEFAULT '0',
  PRIMARY KEY (`librarian_id`),
  UNIQUE KEY `uq_librarian_username` (`username`)
) ENGINE=InnoDB AUTO_INCREMENT=8 DEFAULT CHARSET=utf8mb4;

-- Dumping data for table library.librarian: ~2 rows (approximately)
DELETE FROM `librarian`;
/*!40000 ALTER TABLE `librarian` DISABLE KEYS */;
INSERT INTO `librarian` (`librarian_id`, `username`, `password_hash`) VALUES
	(1, 'MarkoS', 'CC4F60976B7E97AA6842A8C87BF213B81FFD2FE72334A54B4251D9A4A803237755684B569DB779BD074F24778BBD887DEE8C9B8123E935678F6FDC97BE7AD12D'),
	(4, 'pperic', '0DCC617B3BEF102B2B55B9C4275C7A8924E825DBC4AEF3B69D40550D865CF67DCF5399A5FFAB74CF4D9C737DF73C3D2BEC03E21AB5B62B1DBB200ADF40AD5C88'),
	(6, 'admin', 'C7AD44CBAD762A5DA0A452F9E854FDC1E0E7A52A38015F23F3EAB1D80B931DD472634DFAC71CD34EBC35D16AB7FB8A90C81F975113D6C7538DC69DD8DE9077EC'),
	(7, 'mmaric', '2F8F0E5D5B62BBE12BCCB951EE8F31A6D7D4FFF1F9919A615C4D11FF5E96A7C6F77F4E5F55ACB3046F250C2E304CE8FBFEE8C311B16C86B70B107FE3C324C7C8');
/*!40000 ALTER TABLE `librarian` ENABLE KEYS */;

-- Dumping structure for table library.librarian_token
DROP TABLE IF EXISTS `librarian_token`;
CREATE TABLE IF NOT EXISTS `librarian_token` (
  `librarian_token_id` int(10) unsigned NOT NULL AUTO_INCREMENT,
  `librarian_id` int(10) unsigned NOT NULL,
  `created_at` timestamp NOT NULL DEFAULT current_timestamp(),
  `token` text NOT NULL,
  `expires_at` datetime NOT NULL,
  `is_valid` tinyint(3) unsigned NOT NULL DEFAULT 1,
  PRIMARY KEY (`librarian_token_id`),
  KEY `fk_librarian_token_librarian_id` (`librarian_id`),
  CONSTRAINT `fk_librarian_token_librarian_id` FOREIGN KEY (`librarian_id`) REFERENCES `librarian` (`librarian_id`)
) ENGINE=InnoDB AUTO_INCREMENT=89 DEFAULT CHARSET=utf8mb4;

-- Dumping data for table library.librarian_token: ~67 rows (approximately)
DELETE FROM `librarian_token`;
/*!40000 ALTER TABLE `librarian_token` DISABLE KEYS */;
INSERT INTO `librarian_token` (`librarian_token_id`, `librarian_id`, `created_at`, `token`, `expires_at`, `is_valid`) VALUES
	(1, 6, '2020-06-22 17:01:07', 'eyJhbGciOiJIUzI1NiIsInR5cCI6IkpXVCJ9.eyJyb2xlIjoibGlicmFyaWFuIiwiaWQiOjYsInVzZXJuYW1lIjoiYWRtaW4iLCJleHAiOjE1OTU1MTY0NjcuODYyLCJpcCI6Ijo6MSIsInVhIjoiTW96aWxsYS81LjAgKFdpbmRvd3MgTlQgMTAuMDsgV2luNjQ7IHg2NCkgQXBwbGVXZWJLaXQvNTM3LjM2IChLSFRNTCwgbGlrZSBHZWNrbykgQ2hyb21lLzgzLjAuNDEwMy4xMDYgU2FmYXJpLzUzNy4zNiIsImlhdCI6MTU5MjgzODA2N30.60epbUjGv5xWAyWf5GTXJjt2t-Cef7C6k4q1d80wXbw', '2020-07-23 15:01:07', 1),
	(2, 6, '2020-06-22 17:04:25', 'eyJhbGciOiJIUzI1NiIsInR5cCI6IkpXVCJ9.eyJyb2xlIjoibGlicmFyaWFuIiwiaWQiOjYsInVzZXJuYW1lIjoiYWRtaW4iLCJleHAiOjE1OTU1MTY2NjUuMDk2LCJpcCI6Ijo6MSIsInVhIjoiTW96aWxsYS81LjAgKFdpbmRvd3MgTlQgMTAuMDsgV2luNjQ7IHg2NCkgQXBwbGVXZWJLaXQvNTM3LjM2IChLSFRNTCwgbGlrZSBHZWNrbykgQ2hyb21lLzgzLjAuNDEwMy4xMDYgU2FmYXJpLzUzNy4zNiIsImlhdCI6MTU5MjgzODI2NX0.VWGnSuyHq6rFsI5QoSfWHJVoBOnbnLQzFgYWyDXjDGk', '2020-07-23 15:04:25', 1),
	(3, 6, '2020-06-22 17:08:29', 'eyJhbGciOiJIUzI1NiIsInR5cCI6IkpXVCJ9.eyJyb2xlIjoibGlicmFyaWFuIiwiaWQiOjYsInVzZXJuYW1lIjoiYWRtaW4iLCJleHAiOjE1OTU1MTY5MDkuMTEyLCJpcCI6Ijo6MSIsInVhIjoiUG9zdG1hblJ1bnRpbWUvNy4yNS4wIiwiaWF0IjoxNTkyODM4NTA5fQ.wh5e07Hs1ZQ2YikcuaqDv_3rYYXk7AdATGw745GSMAw', '2020-07-23 15:08:29', 1),
	(4, 6, '2020-06-22 17:14:01', 'eyJhbGciOiJIUzI1NiIsInR5cCI6IkpXVCJ9.eyJyb2xlIjoibGlicmFyaWFuIiwiaWQiOjYsInVzZXJuYW1lIjoiYWRtaW4iLCJleHAiOjE1OTU1MTcyNDEuMjI2LCJpcCI6Ijo6MSIsInVhIjoiUG9zdG1hblJ1bnRpbWUvNy4yNS4wIiwiaWF0IjoxNTkyODM4ODQxfQ.mno5zkyFfnlLF0x5lqUpIo-JSpa-uUnwQRmwGFWt7CA', '2020-07-23 15:14:01', 1),
	(5, 6, '2020-06-22 17:15:39', 'eyJhbGciOiJIUzI1NiIsInR5cCI6IkpXVCJ9.eyJyb2xlIjoibGlicmFyaWFuIiwiaWQiOjYsInVzZXJuYW1lIjoiYWRtaW4iLCJleHAiOjE1OTU1MTczMzkuOTIzLCJpcCI6Ijo6MSIsInVhIjoiTW96aWxsYS81LjAgKFdpbmRvd3MgTlQgMTAuMDsgV2luNjQ7IHg2NCkgQXBwbGVXZWJLaXQvNTM3LjM2IChLSFRNTCwgbGlrZSBHZWNrbykgQ2hyb21lLzgzLjAuNDEwMy4xMDYgU2FmYXJpLzUzNy4zNiIsImlhdCI6MTU5MjgzODkzOX0.3T785kCQ1yzyhQWhgQ8fpCNQ0dz0bCGk8PbkIxCpbBA', '2020-07-23 15:15:39', 1),
	(6, 6, '2020-06-22 19:41:20', 'eyJhbGciOiJIUzI1NiIsInR5cCI6IkpXVCJ9.eyJyb2xlIjoibGlicmFyaWFuIiwiaWQiOjYsInVzZXJuYW1lIjoiYWRtaW4iLCJleHAiOjE1OTU1MjYwODAuNTk3LCJpcCI6Ijo6MSIsInVhIjoiTW96aWxsYS81LjAgKFdpbmRvd3MgTlQgMTAuMDsgV2luNjQ7IHg2NCkgQXBwbGVXZWJLaXQvNTM3LjM2IChLSFRNTCwgbGlrZSBHZWNrbykgQ2hyb21lLzgzLjAuNDEwMy4xMDYgU2FmYXJpLzUzNy4zNiIsImlhdCI6MTU5Mjg0NzY4MH0.c606bEP5c3b9APnOiZtjjlvY2wHmY3uKlZrnSfyS7JI', '2020-07-23 17:41:20', 1),
	(7, 6, '2020-06-22 19:42:15', 'eyJhbGciOiJIUzI1NiIsInR5cCI6IkpXVCJ9.eyJyb2xlIjoibGlicmFyaWFuIiwiaWQiOjYsInVzZXJuYW1lIjoiYWRtaW4iLCJleHAiOjE1OTU1MjYxMzUuOTAyLCJpcCI6Ijo6MSIsInVhIjoiTW96aWxsYS81LjAgKFdpbmRvd3MgTlQgMTAuMDsgV2luNjQ7IHg2NCkgQXBwbGVXZWJLaXQvNTM3LjM2IChLSFRNTCwgbGlrZSBHZWNrbykgQ2hyb21lLzgzLjAuNDEwMy4xMDYgU2FmYXJpLzUzNy4zNiIsImlhdCI6MTU5Mjg0NzczNX0.WlsOkAtysUYNKfpNpaoQLLGjnWwNdWJYAkm9MngX-kk', '2020-07-23 17:42:15', 1),
	(8, 6, '2020-06-22 20:15:28', 'eyJhbGciOiJIUzI1NiIsInR5cCI6IkpXVCJ9.eyJyb2xlIjoibGlicmFyaWFuIiwiaWQiOjYsInVzZXJuYW1lIjoiYWRtaW4iLCJleHAiOjE1OTU1MjgxMjguMTY4LCJpcCI6Ijo6MSIsInVhIjoiTW96aWxsYS81LjAgKFdpbmRvd3MgTlQgMTAuMDsgV2luNjQ7IHg2NCkgQXBwbGVXZWJLaXQvNTM3LjM2IChLSFRNTCwgbGlrZSBHZWNrbykgQ2hyb21lLzgzLjAuNDEwMy4xMDYgU2FmYXJpLzUzNy4zNiIsImlhdCI6MTU5Mjg0OTcyOH0.FvLi-VCBZG0nem2Z1nj1johNeEmA-BYnGM1aedV8B3Y', '2020-07-23 18:15:28', 1),
	(9, 6, '2020-06-22 20:18:26', 'eyJhbGciOiJIUzI1NiIsInR5cCI6IkpXVCJ9.eyJyb2xlIjoibGlicmFyaWFuIiwiaWQiOjYsInVzZXJuYW1lIjoiYWRtaW4iLCJleHAiOjE1OTU1MjgzMDYuNTc5LCJpcCI6Ijo6MSIsInVhIjoiTW96aWxsYS81LjAgKFdpbmRvd3MgTlQgMTAuMDsgV2luNjQ7IHg2NCkgQXBwbGVXZWJLaXQvNTM3LjM2IChLSFRNTCwgbGlrZSBHZWNrbykgQ2hyb21lLzgzLjAuNDEwMy4xMDYgU2FmYXJpLzUzNy4zNiIsImlhdCI6MTU5Mjg0OTkwNn0.uB-Jb6uofOJCyJiKLJ5tkUk0xoFnWvAgt3Z8MuYpOVA', '2020-07-23 18:18:26', 1),
	(10, 6, '2020-06-22 21:36:29', 'eyJhbGciOiJIUzI1NiIsInR5cCI6IkpXVCJ9.eyJyb2xlIjoibGlicmFyaWFuIiwiaWQiOjYsInVzZXJuYW1lIjoiYWRtaW4iLCJleHAiOjE1OTU1MzI5ODkuODYyLCJpcCI6Ijo6MSIsInVhIjoiTW96aWxsYS81LjAgKFdpbmRvd3MgTlQgMTAuMDsgV2luNjQ7IHg2NCkgQXBwbGVXZWJLaXQvNTM3LjM2IChLSFRNTCwgbGlrZSBHZWNrbykgQ2hyb21lLzgzLjAuNDEwMy4xMDYgU2FmYXJpLzUzNy4zNiIsImlhdCI6MTU5Mjg1NDU4OX0.zM-7-v6tyeBxeNaYUAMGbZHTGF0g41H16r5RAcKrpC8', '2020-07-23 19:36:29', 1),
	(11, 6, '2020-06-22 21:51:28', 'eyJhbGciOiJIUzI1NiIsInR5cCI6IkpXVCJ9.eyJyb2xlIjoibGlicmFyaWFuIiwiaWQiOjYsInVzZXJuYW1lIjoiYWRtaW4iLCJleHAiOjE1OTU1MzM4ODguMTE4LCJpcCI6Ijo6MSIsInVhIjoiTW96aWxsYS81LjAgKFdpbmRvd3MgTlQgMTAuMDsgV2luNjQ7IHg2NCkgQXBwbGVXZWJLaXQvNTM3LjM2IChLSFRNTCwgbGlrZSBHZWNrbykgQ2hyb21lLzgzLjAuNDEwMy4xMDYgU2FmYXJpLzUzNy4zNiIsImlhdCI6MTU5Mjg1NTQ4OH0.k_DDCN95voFGWgFKmfGOuuylInZ3mmot2Z-ACLUfkrw', '2020-07-23 19:51:28', 1),
	(12, 6, '2020-06-22 22:22:25', 'eyJhbGciOiJIUzI1NiIsInR5cCI6IkpXVCJ9.eyJyb2xlIjoibGlicmFyaWFuIiwiaWQiOjYsInVzZXJuYW1lIjoiYWRtaW4iLCJleHAiOjE1OTU1MzU3NDUuNzU3LCJpcCI6Ijo6MSIsInVhIjoiTW96aWxsYS81LjAgKFdpbmRvd3MgTlQgMTAuMDsgV2luNjQ7IHg2NCkgQXBwbGVXZWJLaXQvNTM3LjM2IChLSFRNTCwgbGlrZSBHZWNrbykgQ2hyb21lLzgzLjAuNDEwMy4xMDYgU2FmYXJpLzUzNy4zNiIsImlhdCI6MTU5Mjg1NzM0NX0.ag08qD2AUrVxU0cR8n4GJ7yKPzSKaJpc7NB3yzQDLac', '2020-07-23 20:22:25', 1),
	(13, 6, '2020-06-22 22:44:26', 'eyJhbGciOiJIUzI1NiIsInR5cCI6IkpXVCJ9.eyJyb2xlIjoibGlicmFyaWFuIiwiaWQiOjYsInVzZXJuYW1lIjoiYWRtaW4iLCJleHAiOjE1OTU1MzcwNjYuMTYxLCJpcCI6Ijo6MSIsInVhIjoiTW96aWxsYS81LjAgKFdpbmRvd3MgTlQgMTAuMDsgV2luNjQ7IHg2NCkgQXBwbGVXZWJLaXQvNTM3LjM2IChLSFRNTCwgbGlrZSBHZWNrbykgQ2hyb21lLzgzLjAuNDEwMy4xMDYgU2FmYXJpLzUzNy4zNiIsImlhdCI6MTU5Mjg1ODY2Nn0.FzN3lmn6GzTFfO3O_lQf6KfEAgeZc6Y3fWjOi1Yk318', '2020-07-23 20:44:26', 1),
	(14, 6, '2020-06-22 22:49:44', 'eyJhbGciOiJIUzI1NiIsInR5cCI6IkpXVCJ9.eyJyb2xlIjoibGlicmFyaWFuIiwiaWQiOjYsInVzZXJuYW1lIjoiYWRtaW4iLCJleHAiOjE1OTU1MzczODQuMTk3LCJpcCI6Ijo6MSIsInVhIjoiTW96aWxsYS81LjAgKFdpbmRvd3MgTlQgMTAuMDsgV2luNjQ7IHg2NCkgQXBwbGVXZWJLaXQvNTM3LjM2IChLSFRNTCwgbGlrZSBHZWNrbykgQ2hyb21lLzgzLjAuNDEwMy4xMDYgU2FmYXJpLzUzNy4zNiIsImlhdCI6MTU5Mjg1ODk4NH0.LgnY8nw--YA7hZ8u85FdZC9NoX06z8jf40jAMmqlhhA', '2020-07-23 20:49:44', 1),
	(15, 6, '2020-06-22 23:03:47', 'eyJhbGciOiJIUzI1NiIsInR5cCI6IkpXVCJ9.eyJyb2xlIjoibGlicmFyaWFuIiwiaWQiOjYsInVzZXJuYW1lIjoiYWRtaW4iLCJleHAiOjE1OTU1MzgyMjcuODIyLCJpcCI6Ijo6MSIsInVhIjoiTW96aWxsYS81LjAgKFdpbmRvd3MgTlQgMTAuMDsgV2luNjQ7IHg2NCkgQXBwbGVXZWJLaXQvNTM3LjM2IChLSFRNTCwgbGlrZSBHZWNrbykgQ2hyb21lLzgzLjAuNDEwMy4xMDYgU2FmYXJpLzUzNy4zNiIsImlhdCI6MTU5Mjg1OTgyN30.sur0BufapyC81DGhvi8ukXXzGsetPEzvyHE8bjwGYOA', '2020-07-23 21:03:47', 1),
	(16, 6, '2020-06-22 23:20:00', 'eyJhbGciOiJIUzI1NiIsInR5cCI6IkpXVCJ9.eyJyb2xlIjoibGlicmFyaWFuIiwiaWQiOjYsInVzZXJuYW1lIjoiYWRtaW4iLCJleHAiOjE1OTU1MzkyMDAuOTY3LCJpcCI6Ijo6MSIsInVhIjoiTW96aWxsYS81LjAgKFdpbmRvd3MgTlQgMTAuMDsgV2luNjQ7IHg2NCkgQXBwbGVXZWJLaXQvNTM3LjM2IChLSFRNTCwgbGlrZSBHZWNrbykgQ2hyb21lLzgzLjAuNDEwMy4xMDYgU2FmYXJpLzUzNy4zNiIsImlhdCI6MTU5Mjg2MDgwMH0.sg2YnBVNCB36PH601PiwrRlRGrwM2i1f22TWKSuf_JE', '2020-07-23 21:20:00', 1),
	(17, 6, '2020-06-23 08:45:45', 'eyJhbGciOiJIUzI1NiIsInR5cCI6IkpXVCJ9.eyJyb2xlIjoibGlicmFyaWFuIiwiaWQiOjYsInVzZXJuYW1lIjoiYWRtaW4iLCJleHAiOjE1OTU1NzMxNDUuNTM5LCJpcCI6Ijo6MSIsInVhIjoiTW96aWxsYS81LjAgKFdpbmRvd3MgTlQgMTAuMDsgV2luNjQ7IHg2NCkgQXBwbGVXZWJLaXQvNTM3LjM2IChLSFRNTCwgbGlrZSBHZWNrbykgQ2hyb21lLzgzLjAuNDEwMy4xMTYgU2FmYXJpLzUzNy4zNiIsImlhdCI6MTU5Mjg5NDc0NX0._0dlUpPeAq3qF7FEXN9ncs8jXSuRuvCea7fMDqdjIWg', '2020-07-24 06:45:45', 1),
	(18, 6, '2020-06-23 08:52:31', 'eyJhbGciOiJIUzI1NiIsInR5cCI6IkpXVCJ9.eyJyb2xlIjoibGlicmFyaWFuIiwiaWQiOjYsInVzZXJuYW1lIjoiYWRtaW4iLCJleHAiOjE1OTU1NzM1NTEuMzU3LCJpcCI6Ijo6MSIsInVhIjoiTW96aWxsYS81LjAgKFdpbmRvd3MgTlQgMTAuMDsgV2luNjQ7IHg2NCkgQXBwbGVXZWJLaXQvNTM3LjM2IChLSFRNTCwgbGlrZSBHZWNrbykgQ2hyb21lLzgzLjAuNDEwMy4xMTYgU2FmYXJpLzUzNy4zNiIsImlhdCI6MTU5Mjg5NTE1MX0.ArDImePXAoEzueUd1vzVOHDgNMSdywiBNrj9rCMS3jc', '2020-07-24 06:52:31', 1),
	(19, 6, '2020-06-23 09:10:11', 'eyJhbGciOiJIUzI1NiIsInR5cCI6IkpXVCJ9.eyJyb2xlIjoibGlicmFyaWFuIiwiaWQiOjYsInVzZXJuYW1lIjoiYWRtaW4iLCJleHAiOjE1OTU1NzQ2MTEuMzI1LCJpcCI6Ijo6MSIsInVhIjoiTW96aWxsYS81LjAgKFdpbmRvd3MgTlQgMTAuMDsgV2luNjQ7IHg2NCkgQXBwbGVXZWJLaXQvNTM3LjM2IChLSFRNTCwgbGlrZSBHZWNrbykgQ2hyb21lLzgzLjAuNDEwMy4xMTYgU2FmYXJpLzUzNy4zNiIsImlhdCI6MTU5Mjg5NjIxMX0.lGZHb6WMSCzXJ6C6RRDU5ltaZFJOoyyHUh3ohyrps4M', '2020-07-24 07:10:11', 1),
	(20, 6, '2020-06-23 09:54:02', 'eyJhbGciOiJIUzI1NiIsInR5cCI6IkpXVCJ9.eyJyb2xlIjoibGlicmFyaWFuIiwiaWQiOjYsInVzZXJuYW1lIjoiYWRtaW4iLCJleHAiOjE1OTU1NzcyNDIuOTIzLCJpcCI6Ijo6MSIsInVhIjoiTW96aWxsYS81LjAgKFdpbmRvd3MgTlQgMTAuMDsgV2luNjQ7IHg2NCkgQXBwbGVXZWJLaXQvNTM3LjM2IChLSFRNTCwgbGlrZSBHZWNrbykgQ2hyb21lLzgzLjAuNDEwMy4xMTYgU2FmYXJpLzUzNy4zNiIsImlhdCI6MTU5Mjg5ODg0Mn0.4h7s0FtDx0vTGBkOhoiP-p6XQyO8hf5Ciazzv0U1qqM', '2020-07-24 07:54:02', 1),
	(21, 6, '2020-06-23 09:59:13', 'eyJhbGciOiJIUzI1NiIsInR5cCI6IkpXVCJ9.eyJyb2xlIjoibGlicmFyaWFuIiwiaWQiOjYsInVzZXJuYW1lIjoiYWRtaW4iLCJleHAiOjE1OTU1Nzc1NTMuMjYzLCJpcCI6Ijo6MSIsInVhIjoiTW96aWxsYS81LjAgKFdpbmRvd3MgTlQgMTAuMDsgV2luNjQ7IHg2NCkgQXBwbGVXZWJLaXQvNTM3LjM2IChLSFRNTCwgbGlrZSBHZWNrbykgQ2hyb21lLzgzLjAuNDEwMy4xMTYgU2FmYXJpLzUzNy4zNiIsImlhdCI6MTU5Mjg5OTE1M30.TMJe2WqYr4e77v_fsWeSwOaCbuw-oE72KF9hbF2VHgM', '2020-07-24 07:59:13', 1),
	(22, 6, '2020-06-23 10:06:04', 'eyJhbGciOiJIUzI1NiIsInR5cCI6IkpXVCJ9.eyJyb2xlIjoibGlicmFyaWFuIiwiaWQiOjYsInVzZXJuYW1lIjoiYWRtaW4iLCJleHAiOjE1OTU1Nzc5NjQuOTM5LCJpcCI6Ijo6MSIsInVhIjoiTW96aWxsYS81LjAgKFdpbmRvd3MgTlQgMTAuMDsgV2luNjQ7IHg2NCkgQXBwbGVXZWJLaXQvNTM3LjM2IChLSFRNTCwgbGlrZSBHZWNrbykgQ2hyb21lLzgzLjAuNDEwMy4xMTYgU2FmYXJpLzUzNy4zNiIsImlhdCI6MTU5Mjg5OTU2NH0.R8i3QQlD_YnPkTxgeU3DITDL9OVUgNIBW3FaPJp99O4', '2020-07-24 08:06:04', 1),
	(23, 6, '2020-06-23 10:35:42', 'eyJhbGciOiJIUzI1NiIsInR5cCI6IkpXVCJ9.eyJyb2xlIjoibGlicmFyaWFuIiwiaWQiOjYsInVzZXJuYW1lIjoiYWRtaW4iLCJleHAiOjE1OTU1Nzk3NDIuOTI3LCJpcCI6Ijo6MSIsInVhIjoiTW96aWxsYS81LjAgKFdpbmRvd3MgTlQgMTAuMDsgV2luNjQ7IHg2NCkgQXBwbGVXZWJLaXQvNTM3LjM2IChLSFRNTCwgbGlrZSBHZWNrbykgQ2hyb21lLzgzLjAuNDEwMy4xMTYgU2FmYXJpLzUzNy4zNiIsImlhdCI6MTU5MjkwMTM0Mn0.9w3sys9l-KZL6QktDKe1ocJsX5VClCFJs-txIvOXo2w', '2020-07-24 08:35:42', 1),
	(24, 6, '2020-06-23 10:50:20', 'eyJhbGciOiJIUzI1NiIsInR5cCI6IkpXVCJ9.eyJyb2xlIjoibGlicmFyaWFuIiwiaWQiOjYsInVzZXJuYW1lIjoiYWRtaW4iLCJleHAiOjE1OTU1ODA2MjAuNDg1LCJpcCI6Ijo6MSIsInVhIjoiTW96aWxsYS81LjAgKFdpbmRvd3MgTlQgMTAuMDsgV2luNjQ7IHg2NCkgQXBwbGVXZWJLaXQvNTM3LjM2IChLSFRNTCwgbGlrZSBHZWNrbykgQ2hyb21lLzgzLjAuNDEwMy4xMTYgU2FmYXJpLzUzNy4zNiIsImlhdCI6MTU5MjkwMjIyMH0.HW-Z7Xl-oWVtt1ixvGSVJWXHvoyzE1NTHBQASTFrJs0', '2020-07-24 08:50:20', 1),
	(25, 6, '2020-06-23 17:14:26', 'eyJhbGciOiJIUzI1NiIsInR5cCI6IkpXVCJ9.eyJyb2xlIjoibGlicmFyaWFuIiwiaWQiOjYsInVzZXJuYW1lIjoiYWRtaW4iLCJleHAiOjE1OTU2MDM2NjYuOTMzLCJpcCI6Ijo6MSIsInVhIjoiTW96aWxsYS81LjAgKFdpbmRvd3MgTlQgMTAuMDsgV2luNjQ7IHg2NCkgQXBwbGVXZWJLaXQvNTM3LjM2IChLSFRNTCwgbGlrZSBHZWNrbykgQ2hyb21lLzgzLjAuNDEwMy4xMTYgU2FmYXJpLzUzNy4zNiIsImlhdCI6MTU5MjkyNTI2Nn0.SO6XCtaIUVw1xX2bAM_ygj0NHZrM3M9qZbrWB5FTsUE', '2020-07-24 15:14:26', 1),
	(26, 6, '2020-06-23 18:05:14', 'eyJhbGciOiJIUzI1NiIsInR5cCI6IkpXVCJ9.eyJyb2xlIjoibGlicmFyaWFuIiwiaWQiOjYsInVzZXJuYW1lIjoiYWRtaW4iLCJleHAiOjE1OTU2MDY3MTQuMzcyLCJpcCI6Ijo6MSIsInVhIjoiTW96aWxsYS81LjAgKFdpbmRvd3MgTlQgMTAuMDsgV2luNjQ7IHg2NCkgQXBwbGVXZWJLaXQvNTM3LjM2IChLSFRNTCwgbGlrZSBHZWNrbykgQ2hyb21lLzgzLjAuNDEwMy4xMTYgU2FmYXJpLzUzNy4zNiIsImlhdCI6MTU5MjkyODMxNH0.6RM69OT1fJYiS1WQadVsa3n4-w_LQV4_jRU8bh-Tij0', '2020-07-24 16:05:14', 1),
	(27, 6, '2020-06-23 18:07:01', 'eyJhbGciOiJIUzI1NiIsInR5cCI6IkpXVCJ9.eyJyb2xlIjoibGlicmFyaWFuIiwiaWQiOjYsInVzZXJuYW1lIjoiYWRtaW4iLCJleHAiOjE1OTU2MDY4MjEuNzY1LCJpcCI6Ijo6MSIsInVhIjoiTW96aWxsYS81LjAgKFdpbmRvd3MgTlQgMTAuMDsgV2luNjQ7IHg2NCkgQXBwbGVXZWJLaXQvNTM3LjM2IChLSFRNTCwgbGlrZSBHZWNrbykgQ2hyb21lLzgzLjAuNDEwMy4xMTYgU2FmYXJpLzUzNy4zNiIsImlhdCI6MTU5MjkyODQyMX0.yqOxHTShXUJoOlFhZRjaU081zWgGskuOYs-enoMAgXA', '2020-07-24 16:07:01', 1),
	(28, 6, '2020-06-23 18:07:08', 'eyJhbGciOiJIUzI1NiIsInR5cCI6IkpXVCJ9.eyJyb2xlIjoibGlicmFyaWFuIiwiaWQiOjYsInVzZXJuYW1lIjoiYWRtaW4iLCJleHAiOjE1OTU2MDY4MjguMzI0LCJpcCI6Ijo6MSIsInVhIjoiTW96aWxsYS81LjAgKFdpbmRvd3MgTlQgMTAuMDsgV2luNjQ7IHg2NCkgQXBwbGVXZWJLaXQvNTM3LjM2IChLSFRNTCwgbGlrZSBHZWNrbykgQ2hyb21lLzgzLjAuNDEwMy4xMTYgU2FmYXJpLzUzNy4zNiIsImlhdCI6MTU5MjkyODQyOH0.IFI1wFlV7s-PiPG2gapOY-0tLzE9f8e1NtXwBmJ4G7U', '2020-07-24 16:07:08', 1),
	(29, 6, '2020-06-23 18:07:35', 'eyJhbGciOiJIUzI1NiIsInR5cCI6IkpXVCJ9.eyJyb2xlIjoibGlicmFyaWFuIiwiaWQiOjYsInVzZXJuYW1lIjoiYWRtaW4iLCJleHAiOjE1OTU2MDY4NTUuMjc2LCJpcCI6Ijo6MSIsInVhIjoiTW96aWxsYS81LjAgKFdpbmRvd3MgTlQgMTAuMDsgV2luNjQ7IHg2NCkgQXBwbGVXZWJLaXQvNTM3LjM2IChLSFRNTCwgbGlrZSBHZWNrbykgQ2hyb21lLzgzLjAuNDEwMy4xMTYgU2FmYXJpLzUzNy4zNiIsImlhdCI6MTU5MjkyODQ1NX0.U7cLRe2n_f9SpKDiD9RQJQd70ulsP21Zokh6PJzfAeQ', '2020-07-24 16:07:35', 1),
	(30, 6, '2020-06-23 18:08:51', 'eyJhbGciOiJIUzI1NiIsInR5cCI6IkpXVCJ9.eyJyb2xlIjoibGlicmFyaWFuIiwiaWQiOjYsInVzZXJuYW1lIjoiYWRtaW4iLCJleHAiOjE1OTU2MDY5MzEuNzk1LCJpcCI6Ijo6MSIsInVhIjoiTW96aWxsYS81LjAgKFdpbmRvd3MgTlQgMTAuMDsgV2luNjQ7IHg2NCkgQXBwbGVXZWJLaXQvNTM3LjM2IChLSFRNTCwgbGlrZSBHZWNrbykgQ2hyb21lLzgzLjAuNDEwMy4xMTYgU2FmYXJpLzUzNy4zNiIsImlhdCI6MTU5MjkyODUzMX0.zsZmhz8Ldl1TCoZ8EyD-UD6I0tNhR2GMhq1uQ9RovNE', '2020-07-24 16:08:51', 1),
	(31, 6, '2020-06-23 18:09:28', 'eyJhbGciOiJIUzI1NiIsInR5cCI6IkpXVCJ9.eyJyb2xlIjoibGlicmFyaWFuIiwiaWQiOjYsInVzZXJuYW1lIjoiYWRtaW4iLCJleHAiOjE1OTU2MDY5NjguNjgxLCJpcCI6Ijo6MSIsInVhIjoiTW96aWxsYS81LjAgKFdpbmRvd3MgTlQgMTAuMDsgV2luNjQ7IHg2NCkgQXBwbGVXZWJLaXQvNTM3LjM2IChLSFRNTCwgbGlrZSBHZWNrbykgQ2hyb21lLzgzLjAuNDEwMy4xMTYgU2FmYXJpLzUzNy4zNiIsImlhdCI6MTU5MjkyODU2OH0.twSQyCKEu-RcNBdj-hmmZYn_u6ciBVqpAivsGL9FSgs', '2020-07-24 16:09:28', 1),
	(32, 6, '2020-06-23 18:09:49', 'eyJhbGciOiJIUzI1NiIsInR5cCI6IkpXVCJ9.eyJyb2xlIjoibGlicmFyaWFuIiwiaWQiOjYsInVzZXJuYW1lIjoiYWRtaW4iLCJleHAiOjE1OTU2MDY5ODkuMTE3LCJpcCI6Ijo6MSIsInVhIjoiTW96aWxsYS81LjAgKFdpbmRvd3MgTlQgMTAuMDsgV2luNjQ7IHg2NCkgQXBwbGVXZWJLaXQvNTM3LjM2IChLSFRNTCwgbGlrZSBHZWNrbykgQ2hyb21lLzgzLjAuNDEwMy4xMTYgU2FmYXJpLzUzNy4zNiIsImlhdCI6MTU5MjkyODU4OX0.VsN-e1xQMhSti7_a3cIMErgOylNOqUM2H6kq8miKJ9g', '2020-07-24 16:09:49', 1),
	(33, 6, '2020-06-23 18:10:35', 'eyJhbGciOiJIUzI1NiIsInR5cCI6IkpXVCJ9.eyJyb2xlIjoibGlicmFyaWFuIiwiaWQiOjYsInVzZXJuYW1lIjoiYWRtaW4iLCJleHAiOjE1OTU2MDcwMzUuOTE5LCJpcCI6Ijo6MSIsInVhIjoiTW96aWxsYS81LjAgKFdpbmRvd3MgTlQgMTAuMDsgV2luNjQ7IHg2NCkgQXBwbGVXZWJLaXQvNTM3LjM2IChLSFRNTCwgbGlrZSBHZWNrbykgQ2hyb21lLzgzLjAuNDEwMy4xMTYgU2FmYXJpLzUzNy4zNiIsImlhdCI6MTU5MjkyODYzNX0.mMj5PwJg47kS6sDKUCiDGBn5f6cQSOIxWZGIIuCFJOs', '2020-07-24 16:10:35', 1),
	(34, 6, '2020-06-23 18:12:10', 'eyJhbGciOiJIUzI1NiIsInR5cCI6IkpXVCJ9.eyJyb2xlIjoibGlicmFyaWFuIiwiaWQiOjYsInVzZXJuYW1lIjoiYWRtaW4iLCJleHAiOjE1OTU2MDcxMzAuNTI4LCJpcCI6Ijo6MSIsInVhIjoiTW96aWxsYS81LjAgKFdpbmRvd3MgTlQgMTAuMDsgV2luNjQ7IHg2NCkgQXBwbGVXZWJLaXQvNTM3LjM2IChLSFRNTCwgbGlrZSBHZWNrbykgQ2hyb21lLzgzLjAuNDEwMy4xMTYgU2FmYXJpLzUzNy4zNiIsImlhdCI6MTU5MjkyODczMH0.uTbm3TDI65r-Ry9hfymFkmMVR-PZuOV0vaHNlbfTnNI', '2020-07-24 16:12:10', 1),
	(35, 6, '2020-06-23 18:15:18', 'eyJhbGciOiJIUzI1NiIsInR5cCI6IkpXVCJ9.eyJyb2xlIjoibGlicmFyaWFuIiwiaWQiOjYsInVzZXJuYW1lIjoiYWRtaW4iLCJleHAiOjE1OTU2MDczMTguMTU2LCJpcCI6Ijo6MSIsInVhIjoiTW96aWxsYS81LjAgKFdpbmRvd3MgTlQgMTAuMDsgV2luNjQ7IHg2NCkgQXBwbGVXZWJLaXQvNTM3LjM2IChLSFRNTCwgbGlrZSBHZWNrbykgQ2hyb21lLzgzLjAuNDEwMy4xMTYgU2FmYXJpLzUzNy4zNiIsImlhdCI6MTU5MjkyODkxOH0.H7L9hrnstEp0B4tcxikAp4x3lZvoJ-lakSXNm_1f9Yc', '2020-07-24 16:15:18', 1),
	(36, 6, '2020-06-23 20:24:25', 'eyJhbGciOiJIUzI1NiIsInR5cCI6IkpXVCJ9.eyJyb2xlIjoibGlicmFyaWFuIiwiaWQiOjYsInVzZXJuYW1lIjoiYWRtaW4iLCJleHAiOjE1OTU2MTUwNjUuMjAxLCJpcCI6Ijo6MSIsInVhIjoiTW96aWxsYS81LjAgKFdpbmRvd3MgTlQgMTAuMDsgV2luNjQ7IHg2NCkgQXBwbGVXZWJLaXQvNTM3LjM2IChLSFRNTCwgbGlrZSBHZWNrbykgQ2hyb21lLzgzLjAuNDEwMy4xMTYgU2FmYXJpLzUzNy4zNiIsImlhdCI6MTU5MjkzNjY2NX0.zlL8YN2w6X9KF5K1SOjQIWAxHwvAv1RYVgKlqfTauSU', '2020-07-24 18:24:25', 1),
	(37, 6, '2020-06-23 20:34:27', 'eyJhbGciOiJIUzI1NiIsInR5cCI6IkpXVCJ9.eyJyb2xlIjoibGlicmFyaWFuIiwiaWQiOjYsInVzZXJuYW1lIjoiYWRtaW4iLCJleHAiOjE1OTU2MTU2NjcuNzU3LCJpcCI6Ijo6MSIsInVhIjoiTW96aWxsYS81LjAgKFdpbmRvd3MgTlQgMTAuMDsgV2luNjQ7IHg2NCkgQXBwbGVXZWJLaXQvNTM3LjM2IChLSFRNTCwgbGlrZSBHZWNrbykgQ2hyb21lLzgzLjAuNDEwMy4xMTYgU2FmYXJpLzUzNy4zNiIsImlhdCI6MTU5MjkzNzI2N30.HAC6tBOh9fNpKXZIF39QmOJR4lDxj8pm3HOSr-2ZPBA', '2020-07-24 18:34:27', 1),
	(38, 6, '2020-06-23 20:51:31', 'eyJhbGciOiJIUzI1NiIsInR5cCI6IkpXVCJ9.eyJyb2xlIjoibGlicmFyaWFuIiwiaWQiOjYsInVzZXJuYW1lIjoiYWRtaW4iLCJleHAiOjE1OTU2MTY2OTEuNTU5LCJpcCI6Ijo6MSIsInVhIjoiTW96aWxsYS81LjAgKFdpbmRvd3MgTlQgMTAuMDsgV2luNjQ7IHg2NCkgQXBwbGVXZWJLaXQvNTM3LjM2IChLSFRNTCwgbGlrZSBHZWNrbykgQ2hyb21lLzgzLjAuNDEwMy4xMTYgU2FmYXJpLzUzNy4zNiIsImlhdCI6MTU5MjkzODI5MX0.wJ4ivc8W3sQyh9SLRsrG_dRwAhOzvXEsMTQMN-atpn4', '2020-07-24 18:51:31', 1),
	(39, 6, '2020-06-23 21:03:17', 'eyJhbGciOiJIUzI1NiIsInR5cCI6IkpXVCJ9.eyJyb2xlIjoibGlicmFyaWFuIiwiaWQiOjYsInVzZXJuYW1lIjoiYWRtaW4iLCJleHAiOjE1OTU2MTczOTcuODY0LCJpcCI6Ijo6MSIsInVhIjoiTW96aWxsYS81LjAgKFdpbmRvd3MgTlQgMTAuMDsgV2luNjQ7IHg2NCkgQXBwbGVXZWJLaXQvNTM3LjM2IChLSFRNTCwgbGlrZSBHZWNrbykgQ2hyb21lLzgzLjAuNDEwMy4xMTYgU2FmYXJpLzUzNy4zNiIsImlhdCI6MTU5MjkzODk5N30.gPPb5bma6IcgzyZ6wj2tX77RT0KQsDrFZeyJz0FAdkE', '2020-07-24 19:03:17', 1),
	(40, 6, '2020-06-23 21:38:57', 'eyJhbGciOiJIUzI1NiIsInR5cCI6IkpXVCJ9.eyJyb2xlIjoibGlicmFyaWFuIiwiaWQiOjYsInVzZXJuYW1lIjoiYWRtaW4iLCJleHAiOjE1OTU2MTk1MzcuNDgzLCJpcCI6Ijo6MSIsInVhIjoiTW96aWxsYS81LjAgKFdpbmRvd3MgTlQgMTAuMDsgV2luNjQ7IHg2NCkgQXBwbGVXZWJLaXQvNTM3LjM2IChLSFRNTCwgbGlrZSBHZWNrbykgQ2hyb21lLzgzLjAuNDEwMy4xMTYgU2FmYXJpLzUzNy4zNiIsImlhdCI6MTU5Mjk0MTEzN30.f0JHNV-hqHgvWu_12ljirnEON2PhKIqTEK6yrOfrHFE', '2020-07-24 19:38:57', 1),
	(41, 6, '2020-06-23 21:57:12', 'eyJhbGciOiJIUzI1NiIsInR5cCI6IkpXVCJ9.eyJyb2xlIjoibGlicmFyaWFuIiwiaWQiOjYsInVzZXJuYW1lIjoiYWRtaW4iLCJleHAiOjE1OTU2MjA2MzIuNzIxLCJpcCI6Ijo6MSIsInVhIjoiTW96aWxsYS81LjAgKFdpbmRvd3MgTlQgMTAuMDsgV2luNjQ7IHg2NCkgQXBwbGVXZWJLaXQvNTM3LjM2IChLSFRNTCwgbGlrZSBHZWNrbykgQ2hyb21lLzgzLjAuNDEwMy4xMTYgU2FmYXJpLzUzNy4zNiIsImlhdCI6MTU5Mjk0MjIzMn0.-GgQmXyiEHvnonaUM_3kncl3n7U6GWsF-J-AM6a1IJs', '2020-07-24 19:57:12', 1),
	(42, 6, '2020-06-23 21:58:30', 'eyJhbGciOiJIUzI1NiIsInR5cCI6IkpXVCJ9.eyJyb2xlIjoibGlicmFyaWFuIiwiaWQiOjYsInVzZXJuYW1lIjoiYWRtaW4iLCJleHAiOjE1OTU2MjA3MTAuOTQ1LCJpcCI6Ijo6MSIsInVhIjoiTW96aWxsYS81LjAgKFdpbmRvd3MgTlQgMTAuMDsgV2luNjQ7IHg2NCkgQXBwbGVXZWJLaXQvNTM3LjM2IChLSFRNTCwgbGlrZSBHZWNrbykgQ2hyb21lLzgzLjAuNDEwMy4xMTYgU2FmYXJpLzUzNy4zNiIsImlhdCI6MTU5Mjk0MjMxMH0.5vH4nowvVM3K7U2mh8iaSkWWEt3SXe4VaIYB2hK_iBs', '2020-07-24 19:58:30', 1),
	(43, 6, '2020-06-23 21:58:47', 'eyJhbGciOiJIUzI1NiIsInR5cCI6IkpXVCJ9.eyJyb2xlIjoibGlicmFyaWFuIiwiaWQiOjYsInVzZXJuYW1lIjoiYWRtaW4iLCJleHAiOjE1OTU2MjA3MjcuNDM0LCJpcCI6Ijo6MSIsInVhIjoiTW96aWxsYS81LjAgKFdpbmRvd3MgTlQgMTAuMDsgV2luNjQ7IHg2NCkgQXBwbGVXZWJLaXQvNTM3LjM2IChLSFRNTCwgbGlrZSBHZWNrbykgQ2hyb21lLzgzLjAuNDEwMy4xMTYgU2FmYXJpLzUzNy4zNiIsImlhdCI6MTU5Mjk0MjMyN30.Yv5kzI6akXCf0CeHr3msYUDMLxdieqy-IJsKj52ug4E', '2020-07-24 19:58:47', 1),
	(44, 6, '2020-06-23 22:00:41', 'eyJhbGciOiJIUzI1NiIsInR5cCI6IkpXVCJ9.eyJyb2xlIjoibGlicmFyaWFuIiwiaWQiOjYsInVzZXJuYW1lIjoiYWRtaW4iLCJleHAiOjE1OTU2MjA4NDEuNDQ2LCJpcCI6Ijo6MSIsInVhIjoiUG9zdG1hblJ1bnRpbWUvNy4yNS4wIiwiaWF0IjoxNTkyOTQyNDQxfQ.DtRWHY_jZFSB9ee1v2r5v8gPfZaAUIb9F62Y8lQV1bg', '2020-07-24 20:00:41', 1),
	(45, 6, '2020-06-24 09:57:15', 'eyJhbGciOiJIUzI1NiIsInR5cCI6IkpXVCJ9.eyJyb2xlIjoibGlicmFyaWFuIiwiaWQiOjYsInVzZXJuYW1lIjoiYWRtaW4iLCJleHAiOjE1OTU2NjM4MzUuMjcyLCJpcCI6Ijo6MSIsInVhIjoiTW96aWxsYS81LjAgKFdpbmRvd3MgTlQgMTAuMDsgV2luNjQ7IHg2NCkgQXBwbGVXZWJLaXQvNTM3LjM2IChLSFRNTCwgbGlrZSBHZWNrbykgQ2hyb21lLzgzLjAuNDEwMy4xMTYgU2FmYXJpLzUzNy4zNiIsImlhdCI6MTU5Mjk4NTQzNX0.bryoeBGUqJwbwbPScDmKlaLLS-Hcgtd7p79FRR82n0A', '2020-07-25 07:57:15', 1),
	(46, 6, '2020-06-24 09:57:38', 'eyJhbGciOiJIUzI1NiIsInR5cCI6IkpXVCJ9.eyJyb2xlIjoibGlicmFyaWFuIiwiaWQiOjYsInVzZXJuYW1lIjoiYWRtaW4iLCJleHAiOjE1OTU2NjM4NTguNTY2LCJpcCI6Ijo6MSIsInVhIjoiTW96aWxsYS81LjAgKFdpbmRvd3MgTlQgMTAuMDsgV2luNjQ7IHg2NCkgQXBwbGVXZWJLaXQvNTM3LjM2IChLSFRNTCwgbGlrZSBHZWNrbykgQ2hyb21lLzgzLjAuNDEwMy4xMTYgU2FmYXJpLzUzNy4zNiIsImlhdCI6MTU5Mjk4NTQ1OH0.sopiMdckx0nUhqDKYhVT9pru1sPJkfVj0jfUgDjgZwM', '2020-07-25 07:57:38', 1),
	(47, 6, '2020-06-24 10:02:58', 'eyJhbGciOiJIUzI1NiIsInR5cCI6IkpXVCJ9.eyJyb2xlIjoibGlicmFyaWFuIiwiaWQiOjYsInVzZXJuYW1lIjoiYWRtaW4iLCJleHAiOjE1OTU2NjQxNzguNTQzLCJpcCI6Ijo6MSIsInVhIjoiTW96aWxsYS81LjAgKFdpbmRvd3MgTlQgMTAuMDsgV2luNjQ7IHg2NCkgQXBwbGVXZWJLaXQvNTM3LjM2IChLSFRNTCwgbGlrZSBHZWNrbykgQ2hyb21lLzgzLjAuNDEwMy4xMTYgU2FmYXJpLzUzNy4zNiIsImlhdCI6MTU5Mjk4NTc3OH0.dBwqbnfHZmicOIwyDWDBo-nY62GsW3sIYuh5s1cGYE4', '2020-07-25 08:02:58', 1),
	(48, 6, '2020-06-24 10:04:43', 'eyJhbGciOiJIUzI1NiIsInR5cCI6IkpXVCJ9.eyJyb2xlIjoibGlicmFyaWFuIiwiaWQiOjYsInVzZXJuYW1lIjoiYWRtaW4iLCJleHAiOjE1OTU2NjQyODMuMDQyLCJpcCI6Ijo6MSIsInVhIjoiTW96aWxsYS81LjAgKFdpbmRvd3MgTlQgMTAuMDsgV2luNjQ7IHg2NCkgQXBwbGVXZWJLaXQvNTM3LjM2IChLSFRNTCwgbGlrZSBHZWNrbykgQ2hyb21lLzgzLjAuNDEwMy4xMTYgU2FmYXJpLzUzNy4zNiIsImlhdCI6MTU5Mjk4NTg4M30.7cTOQYljj-rCSTcwdF_6VhyYQoOK1XPe560Y-W08Gg4', '2020-07-25 08:04:43', 1),
	(49, 6, '2020-06-24 10:15:03', 'eyJhbGciOiJIUzI1NiIsInR5cCI6IkpXVCJ9.eyJyb2xlIjoibGlicmFyaWFuIiwiaWQiOjYsInVzZXJuYW1lIjoiYWRtaW4iLCJleHAiOjE1OTU2NjQ5MDMuNTgsImlwIjoiOjoxIiwidWEiOiJNb3ppbGxhLzUuMCAoV2luZG93cyBOVCAxMC4wOyBXaW42NDsgeDY0KSBBcHBsZVdlYktpdC81MzcuMzYgKEtIVE1MLCBsaWtlIEdlY2tvKSBDaHJvbWUvODMuMC40MTAzLjExNiBTYWZhcmkvNTM3LjM2IiwiaWF0IjoxNTkyOTg2NTAzfQ.vyVdvUT6meQb5uIelUvX82R4TXJZlhRjfWq75wB7IJ8', '2020-07-25 08:15:03', 1),
	(50, 6, '2020-06-24 10:16:22', 'eyJhbGciOiJIUzI1NiIsInR5cCI6IkpXVCJ9.eyJyb2xlIjoibGlicmFyaWFuIiwiaWQiOjYsInVzZXJuYW1lIjoiYWRtaW4iLCJleHAiOjE1OTU2NjQ5ODIuNTg0LCJpcCI6Ijo6MSIsInVhIjoiTW96aWxsYS81LjAgKFdpbmRvd3MgTlQgMTAuMDsgV2luNjQ7IHg2NCkgQXBwbGVXZWJLaXQvNTM3LjM2IChLSFRNTCwgbGlrZSBHZWNrbykgQ2hyb21lLzgzLjAuNDEwMy4xMTYgU2FmYXJpLzUzNy4zNiIsImlhdCI6MTU5Mjk4NjU4Mn0.eInBEFI1ovEV5ihpg7I98NV9XPBra-DuDJ1OT1OH4ko', '2020-07-25 08:16:22', 1),
	(51, 6, '2020-06-24 10:22:30', 'eyJhbGciOiJIUzI1NiIsInR5cCI6IkpXVCJ9.eyJyb2xlIjoibGlicmFyaWFuIiwiaWQiOjYsInVzZXJuYW1lIjoiYWRtaW4iLCJleHAiOjE1OTU2NjUzNTAuMDg5LCJpcCI6Ijo6MSIsInVhIjoiTW96aWxsYS81LjAgKFdpbmRvd3MgTlQgMTAuMDsgV2luNjQ7IHg2NCkgQXBwbGVXZWJLaXQvNTM3LjM2IChLSFRNTCwgbGlrZSBHZWNrbykgQ2hyb21lLzgzLjAuNDEwMy4xMTYgU2FmYXJpLzUzNy4zNiIsImlhdCI6MTU5Mjk4Njk1MH0.V2BxhbLrgKsMTKJg2jVFZzNQ8MgOllDV_1PloSz_IP8', '2020-07-25 08:22:30', 1),
	(52, 6, '2020-06-24 10:34:32', 'eyJhbGciOiJIUzI1NiIsInR5cCI6IkpXVCJ9.eyJyb2xlIjoibGlicmFyaWFuIiwiaWQiOjYsInVzZXJuYW1lIjoiYWRtaW4iLCJleHAiOjE1OTU2NjYwNzIuMjAyLCJpcCI6Ijo6MSIsInVhIjoiTW96aWxsYS81LjAgKFdpbmRvd3MgTlQgMTAuMDsgV2luNjQ7IHg2NCkgQXBwbGVXZWJLaXQvNTM3LjM2IChLSFRNTCwgbGlrZSBHZWNrbykgQ2hyb21lLzgzLjAuNDEwMy4xMTYgU2FmYXJpLzUzNy4zNiIsImlhdCI6MTU5Mjk4NzY3Mn0.CA0UDJMxBTpCaKBeFqMEnMuEJpG16HcMERZE9i0QyzI', '2020-07-25 08:34:32', 1),
	(53, 6, '2020-06-24 17:27:53', 'eyJhbGciOiJIUzI1NiIsInR5cCI6IkpXVCJ9.eyJyb2xlIjoibGlicmFyaWFuIiwiaWQiOjYsInVzZXJuYW1lIjoiYWRtaW4iLCJleHAiOjE1OTU2OTA4NzMuNTI5LCJpcCI6Ijo6MSIsInVhIjoiTW96aWxsYS81LjAgKFdpbmRvd3MgTlQgMTAuMDsgV2luNjQ7IHg2NCkgQXBwbGVXZWJLaXQvNTM3LjM2IChLSFRNTCwgbGlrZSBHZWNrbykgQ2hyb21lLzgzLjAuNDEwMy4xMTYgU2FmYXJpLzUzNy4zNiIsImlhdCI6MTU5MzAxMjQ3M30.w2ZEMbFOOD41Q71jJFNF6QxernEEXtr-ceOtXnOsP4k', '2020-07-25 15:27:53', 1),
	(54, 6, '2020-06-24 17:33:34', 'eyJhbGciOiJIUzI1NiIsInR5cCI6IkpXVCJ9.eyJyb2xlIjoibGlicmFyaWFuIiwiaWQiOjYsInVzZXJuYW1lIjoiYWRtaW4iLCJleHAiOjE1OTU2OTEyMTQuMTk5LCJpcCI6Ijo6MSIsInVhIjoiTW96aWxsYS81LjAgKFdpbmRvd3MgTlQgMTAuMDsgV2luNjQ7IHg2NCkgQXBwbGVXZWJLaXQvNTM3LjM2IChLSFRNTCwgbGlrZSBHZWNrbykgQ2hyb21lLzgzLjAuNDEwMy4xMTYgU2FmYXJpLzUzNy4zNiIsImlhdCI6MTU5MzAxMjgxNH0.0kOf8hzp-aHVwYcwK0j_Vkev2hZmdV2K82h-t5Q-2tA', '2020-07-25 15:33:34', 1),
	(55, 6, '2020-06-24 17:56:02', 'eyJhbGciOiJIUzI1NiIsInR5cCI6IkpXVCJ9.eyJyb2xlIjoibGlicmFyaWFuIiwiaWQiOjYsInVzZXJuYW1lIjoiYWRtaW4iLCJleHAiOjE1OTU2OTI1NjIuMzc4LCJpcCI6Ijo6MSIsInVhIjoiTW96aWxsYS81LjAgKFdpbmRvd3MgTlQgMTAuMDsgV2luNjQ7IHg2NCkgQXBwbGVXZWJLaXQvNTM3LjM2IChLSFRNTCwgbGlrZSBHZWNrbykgQ2hyb21lLzgzLjAuNDEwMy4xMTYgU2FmYXJpLzUzNy4zNiIsImlhdCI6MTU5MzAxNDE2Mn0.5-w19RDc5feFAfPiX8kN5PVVIPjH9W2ZNatRf3SBn5M', '2020-07-25 15:56:02', 1),
	(56, 6, '2020-06-24 18:38:51', 'eyJhbGciOiJIUzI1NiIsInR5cCI6IkpXVCJ9.eyJyb2xlIjoibGlicmFyaWFuIiwiaWQiOjYsInVzZXJuYW1lIjoiYWRtaW4iLCJleHAiOjE1OTU2OTUxMzEuNzczLCJpcCI6Ijo6MSIsInVhIjoiTW96aWxsYS81LjAgKFdpbmRvd3MgTlQgMTAuMDsgV2luNjQ7IHg2NCkgQXBwbGVXZWJLaXQvNTM3LjM2IChLSFRNTCwgbGlrZSBHZWNrbykgQ2hyb21lLzgzLjAuNDEwMy4xMTYgU2FmYXJpLzUzNy4zNiIsImlhdCI6MTU5MzAxNjczMX0.mzNSlduLUkinqD6JSt5m8wpymsHcrgFzoQM75oWylc8', '2020-07-25 16:38:51', 1),
	(57, 6, '2020-06-24 18:40:05', 'eyJhbGciOiJIUzI1NiIsInR5cCI6IkpXVCJ9.eyJyb2xlIjoibGlicmFyaWFuIiwiaWQiOjYsInVzZXJuYW1lIjoiYWRtaW4iLCJleHAiOjE1OTU2OTUyMDUuNzA2LCJpcCI6Ijo6MSIsInVhIjoiTW96aWxsYS81LjAgKFdpbmRvd3MgTlQgMTAuMDsgV2luNjQ7IHg2NCkgQXBwbGVXZWJLaXQvNTM3LjM2IChLSFRNTCwgbGlrZSBHZWNrbykgQ2hyb21lLzgzLjAuNDEwMy4xMTYgU2FmYXJpLzUzNy4zNiIsImlhdCI6MTU5MzAxNjgwNX0.DToA98buH-AfrU8z4xITZs6Fk0CumgPZ2rx7tXB25zM', '2020-07-25 16:40:05', 1),
	(58, 6, '2020-06-24 18:40:56', 'eyJhbGciOiJIUzI1NiIsInR5cCI6IkpXVCJ9.eyJyb2xlIjoibGlicmFyaWFuIiwiaWQiOjYsInVzZXJuYW1lIjoiYWRtaW4iLCJleHAiOjE1OTU2OTUyNTYuMTYzLCJpcCI6Ijo6MSIsInVhIjoiTW96aWxsYS81LjAgKFdpbmRvd3MgTlQgMTAuMDsgV2luNjQ7IHg2NCkgQXBwbGVXZWJLaXQvNTM3LjM2IChLSFRNTCwgbGlrZSBHZWNrbykgQ2hyb21lLzgzLjAuNDEwMy4xMTYgU2FmYXJpLzUzNy4zNiIsImlhdCI6MTU5MzAxNjg1Nn0.MLdsRVij3CvNWLdBk_VWnhLwItiRoNDP75ni_xdjSPU', '2020-07-25 16:40:56', 1),
	(59, 6, '2020-06-24 18:46:01', 'eyJhbGciOiJIUzI1NiIsInR5cCI6IkpXVCJ9.eyJyb2xlIjoibGlicmFyaWFuIiwiaWQiOjYsInVzZXJuYW1lIjoiYWRtaW4iLCJleHAiOjE1OTU2OTU1NjEuMDc1LCJpcCI6Ijo6MSIsInVhIjoiTW96aWxsYS81LjAgKFdpbmRvd3MgTlQgMTAuMDsgV2luNjQ7IHg2NCkgQXBwbGVXZWJLaXQvNTM3LjM2IChLSFRNTCwgbGlrZSBHZWNrbykgQ2hyb21lLzgzLjAuNDEwMy4xMTYgU2FmYXJpLzUzNy4zNiIsImlhdCI6MTU5MzAxNzE2MX0.-3YmuZ5R1Q1BkUQTsSKyE-DhcKG_nxQ3kILH_3W9tuA', '2020-07-25 16:46:01', 1),
	(60, 6, '2020-06-24 18:46:07', 'eyJhbGciOiJIUzI1NiIsInR5cCI6IkpXVCJ9.eyJyb2xlIjoibGlicmFyaWFuIiwiaWQiOjYsInVzZXJuYW1lIjoiYWRtaW4iLCJleHAiOjE1OTU2OTU1NjcuMDgyLCJpcCI6Ijo6MSIsInVhIjoiTW96aWxsYS81LjAgKFdpbmRvd3MgTlQgMTAuMDsgV2luNjQ7IHg2NCkgQXBwbGVXZWJLaXQvNTM3LjM2IChLSFRNTCwgbGlrZSBHZWNrbykgQ2hyb21lLzgzLjAuNDEwMy4xMTYgU2FmYXJpLzUzNy4zNiIsImlhdCI6MTU5MzAxNzE2N30.GlbcLWrK8R8ls9nBerjUsZqlMRIxv7NOLf9iKUxa9DY', '2020-07-25 16:46:07', 1),
	(61, 6, '2020-06-24 18:46:35', 'eyJhbGciOiJIUzI1NiIsInR5cCI6IkpXVCJ9.eyJyb2xlIjoibGlicmFyaWFuIiwiaWQiOjYsInVzZXJuYW1lIjoiYWRtaW4iLCJleHAiOjE1OTU2OTU1OTUuMzQ0LCJpcCI6Ijo6MSIsInVhIjoiTW96aWxsYS81LjAgKFdpbmRvd3MgTlQgMTAuMDsgV2luNjQ7IHg2NCkgQXBwbGVXZWJLaXQvNTM3LjM2IChLSFRNTCwgbGlrZSBHZWNrbykgQ2hyb21lLzgzLjAuNDEwMy4xMTYgU2FmYXJpLzUzNy4zNiIsImlhdCI6MTU5MzAxNzE5NX0.YVG9_m6vIP4SPkIdaZJjbA6NnlpPzRwk52xZzVRFWr0', '2020-07-25 16:46:35', 1),
	(62, 6, '2020-06-24 18:46:41', 'eyJhbGciOiJIUzI1NiIsInR5cCI6IkpXVCJ9.eyJyb2xlIjoibGlicmFyaWFuIiwiaWQiOjYsInVzZXJuYW1lIjoiYWRtaW4iLCJleHAiOjE1OTU2OTU2MDEuMjgyLCJpcCI6Ijo6MSIsInVhIjoiTW96aWxsYS81LjAgKFdpbmRvd3MgTlQgMTAuMDsgV2luNjQ7IHg2NCkgQXBwbGVXZWJLaXQvNTM3LjM2IChLSFRNTCwgbGlrZSBHZWNrbykgQ2hyb21lLzgzLjAuNDEwMy4xMTYgU2FmYXJpLzUzNy4zNiIsImlhdCI6MTU5MzAxNzIwMX0.Acm8uv8CcdzvyKqWwXKytI9r0aAZiHL2VwePsUBa8bo', '2020-07-25 16:46:41', 1),
	(63, 6, '2020-06-24 18:47:11', 'eyJhbGciOiJIUzI1NiIsInR5cCI6IkpXVCJ9.eyJyb2xlIjoibGlicmFyaWFuIiwiaWQiOjYsInVzZXJuYW1lIjoiYWRtaW4iLCJleHAiOjE1OTU2OTU2MzEuMTUxLCJpcCI6Ijo6MSIsInVhIjoiTW96aWxsYS81LjAgKFdpbmRvd3MgTlQgMTAuMDsgV2luNjQ7IHg2NCkgQXBwbGVXZWJLaXQvNTM3LjM2IChLSFRNTCwgbGlrZSBHZWNrbykgQ2hyb21lLzgzLjAuNDEwMy4xMTYgU2FmYXJpLzUzNy4zNiIsImlhdCI6MTU5MzAxNzIzMX0.W1dj1Q690iv5ApYqTw7Q0COzq7dEKHbZ-ZxBkeaHYro', '2020-07-25 16:47:11', 1),
	(64, 6, '2020-06-24 18:51:10', 'eyJhbGciOiJIUzI1NiIsInR5cCI6IkpXVCJ9.eyJyb2xlIjoibGlicmFyaWFuIiwiaWQiOjYsInVzZXJuYW1lIjoiYWRtaW4iLCJleHAiOjE1OTU2OTU4NzAuNTgsImlwIjoiOjoxIiwidWEiOiJNb3ppbGxhLzUuMCAoV2luZG93cyBOVCAxMC4wOyBXaW42NDsgeDY0KSBBcHBsZVdlYktpdC81MzcuMzYgKEtIVE1MLCBsaWtlIEdlY2tvKSBDaHJvbWUvODMuMC40MTAzLjExNiBTYWZhcmkvNTM3LjM2IiwiaWF0IjoxNTkzMDE3NDcwfQ.mPkZYZ4doG0uxkwoPA2q1Rgw0MGm4W_AaJNyFoYFRAw', '2020-07-25 16:51:10', 1),
	(65, 6, '2020-06-24 19:01:03', 'eyJhbGciOiJIUzI1NiIsInR5cCI6IkpXVCJ9.eyJyb2xlIjoibGlicmFyaWFuIiwiaWQiOjYsInVzZXJuYW1lIjoiYWRtaW4iLCJleHAiOjE1OTU2OTY0NjMuNTkxLCJpcCI6Ijo6MSIsInVhIjoiTW96aWxsYS81LjAgKFdpbmRvd3MgTlQgMTAuMDsgV2luNjQ7IHg2NCkgQXBwbGVXZWJLaXQvNTM3LjM2IChLSFRNTCwgbGlrZSBHZWNrbykgQ2hyb21lLzgzLjAuNDEwMy4xMTYgU2FmYXJpLzUzNy4zNiIsImlhdCI6MTU5MzAxODA2M30.5PpOnrdoGmCSOUG9bkhOgLYxjKVE77d7mgaQQpsU6VA', '2020-07-25 17:01:03', 1),
	(66, 6, '2020-06-24 19:11:00', 'eyJhbGciOiJIUzI1NiIsInR5cCI6IkpXVCJ9.eyJyb2xlIjoibGlicmFyaWFuIiwiaWQiOjYsInVzZXJuYW1lIjoiYWRtaW4iLCJleHAiOjE1OTU2OTcwNjAuNTM5LCJpcCI6Ijo6MSIsInVhIjoiTW96aWxsYS81LjAgKFdpbmRvd3MgTlQgMTAuMDsgV2luNjQ7IHg2NCkgQXBwbGVXZWJLaXQvNTM3LjM2IChLSFRNTCwgbGlrZSBHZWNrbykgQ2hyb21lLzgzLjAuNDEwMy4xMTYgU2FmYXJpLzUzNy4zNiIsImlhdCI6MTU5MzAxODY2MH0.POgSmH-zFaBWxlh4L6IAjZNIAvQFRU79bRMIDRGuIsQ', '2020-07-25 17:11:00', 1),
	(67, 6, '2020-06-24 19:19:19', 'eyJhbGciOiJIUzI1NiIsInR5cCI6IkpXVCJ9.eyJyb2xlIjoibGlicmFyaWFuIiwiaWQiOjYsInVzZXJuYW1lIjoiYWRtaW4iLCJleHAiOjE1OTU2OTc1NTkuNDQsImlwIjoiOjoxIiwidWEiOiJNb3ppbGxhLzUuMCAoV2luZG93cyBOVCAxMC4wOyBXaW42NDsgeDY0KSBBcHBsZVdlYktpdC81MzcuMzYgKEtIVE1MLCBsaWtlIEdlY2tvKSBDaHJvbWUvODMuMC40MTAzLjExNiBTYWZhcmkvNTM3LjM2IiwiaWF0IjoxNTkzMDE5MTU5fQ.3JljpualhQ4DpFFSaQSDG84REfjw_ERhjyksX9q-UVE', '2020-07-25 17:19:19', 1),
	(68, 6, '2020-06-24 19:25:36', 'eyJhbGciOiJIUzI1NiIsInR5cCI6IkpXVCJ9.eyJyb2xlIjoibGlicmFyaWFuIiwiaWQiOjYsInVzZXJuYW1lIjoiYWRtaW4iLCJleHAiOjE1OTU2OTc5MzYuOTQ5LCJpcCI6Ijo6MSIsInVhIjoiTW96aWxsYS81LjAgKFdpbmRvd3MgTlQgMTAuMDsgV2luNjQ7IHg2NCkgQXBwbGVXZWJLaXQvNTM3LjM2IChLSFRNTCwgbGlrZSBHZWNrbykgQ2hyb21lLzgzLjAuNDEwMy4xMTYgU2FmYXJpLzUzNy4zNiIsImlhdCI6MTU5MzAxOTUzNn0.L5oIOZsywXWNOwaUVMnveTsP5R4NiEqYGBWWUdooY70', '2020-07-25 17:25:36', 1),
	(69, 6, '2020-06-24 23:10:49', 'eyJhbGciOiJIUzI1NiIsInR5cCI6IkpXVCJ9.eyJyb2xlIjoibGlicmFyaWFuIiwiaWQiOjYsInVzZXJuYW1lIjoiYWRtaW4iLCJleHAiOjE1OTU3MTE0NDkuNjU3LCJpcCI6Ijo6MSIsInVhIjoiUG9zdG1hblJ1bnRpbWUvNy4yNi4xIiwiaWF0IjoxNTkzMDMzMDQ5fQ.FjGUgcReWgvgDVbOeammK9gNPYVtRtH0OedzFwW652s', '2020-07-25 21:10:49', 1),
	(70, 6, '2020-06-24 23:16:32', 'eyJhbGciOiJIUzI1NiIsInR5cCI6IkpXVCJ9.eyJyb2xlIjoibGlicmFyaWFuIiwiaWQiOjYsInVzZXJuYW1lIjoiYWRtaW4iLCJleHAiOjE1OTU3MTE3OTIuOTQyLCJpcCI6Ijo6MSIsInVhIjoiUG9zdG1hblJ1bnRpbWUvNy4yNi4xIiwiaWF0IjoxNTkzMDMzMzkyfQ.ew_1mId2l_76VhSWyX7OorbzZvVOgpG6iau-jrjgEDw', '2020-07-25 21:16:32', 1),
	(71, 6, '2020-06-24 23:20:20', 'eyJhbGciOiJIUzI1NiIsInR5cCI6IkpXVCJ9.eyJyb2xlIjoibGlicmFyaWFuIiwiaWQiOjYsInVzZXJuYW1lIjoiYWRtaW4iLCJleHAiOjE1OTU3MTIwMjAuNTcxLCJpcCI6Ijo6MSIsInVhIjoiUG9zdG1hblJ1bnRpbWUvNy4yNi4xIiwiaWF0IjoxNTkzMDMzNjIwfQ.Aw2LiWRJu7YmrWwFs40AXKmHJBn-x0tMhklPcG0h27w', '2020-07-25 21:20:20', 1),
	(72, 6, '2020-06-24 23:26:06', 'eyJhbGciOiJIUzI1NiIsInR5cCI6IkpXVCJ9.eyJyb2xlIjoibGlicmFyaWFuIiwiaWQiOjYsInVzZXJuYW1lIjoiYWRtaW4iLCJleHAiOjE1OTU3MTIzNjYuODg1LCJpcCI6Ijo6MSIsInVhIjoiUG9zdG1hblJ1bnRpbWUvNy4yNi4xIiwiaWF0IjoxNTkzMDMzOTY2fQ.BRldVG8hgyFNVb90tUIy8FShtIH8nZO54JVhe7Uw1DA', '2020-07-25 21:26:06', 1),
	(73, 6, '2020-06-24 23:27:10', 'eyJhbGciOiJIUzI1NiIsInR5cCI6IkpXVCJ9.eyJyb2xlIjoibGlicmFyaWFuIiwiaWQiOjYsInVzZXJuYW1lIjoiYWRtaW4iLCJleHAiOjE1OTU3MTI0MzAuNDE0LCJpcCI6Ijo6MSIsInVhIjoiUG9zdG1hblJ1bnRpbWUvNy4yNi4xIiwiaWF0IjoxNTkzMDM0MDMwfQ.bmgTl-5DrlNt__M8nKA4ZNXPhsBBQwQmVItFrvy3Cmk', '2020-07-25 21:27:10', 1),
	(74, 6, '2020-06-25 09:21:41', 'eyJhbGciOiJIUzI1NiIsInR5cCI6IkpXVCJ9.eyJyb2xlIjoibGlicmFyaWFuIiwiaWQiOjYsInVzZXJuYW1lIjoiYWRtaW4iLCJleHAiOjE1OTU3NDgxMDEuNzg1LCJpcCI6Ijo6MSIsInVhIjoiTW96aWxsYS81LjAgKFdpbmRvd3MgTlQgMTAuMDsgV2luNjQ7IHg2NCkgQXBwbGVXZWJLaXQvNTM3LjM2IChLSFRNTCwgbGlrZSBHZWNrbykgQ2hyb21lLzgzLjAuNDEwMy4xMTYgU2FmYXJpLzUzNy4zNiIsImlhdCI6MTU5MzA2OTcwMX0.LRgZnc0ShscTk4sniCvFX7-vhCn95zVCHxtnAxXrNHc', '2020-07-26 07:21:41', 1),
	(75, 6, '2020-06-25 09:36:42', 'eyJhbGciOiJIUzI1NiIsInR5cCI6IkpXVCJ9.eyJyb2xlIjoibGlicmFyaWFuIiwiaWQiOjYsInVzZXJuYW1lIjoiYWRtaW4iLCJleHAiOjE1OTU3NDkwMDIuODE1LCJpcCI6Ijo6MSIsInVhIjoiUG9zdG1hblJ1bnRpbWUvNy4yNi4xIiwiaWF0IjoxNTkzMDcwNjAyfQ.ZL1UXB1E8drx1iYlpbfiw56GCXFB6_rBPJ--cP96IYo', '2020-07-26 07:36:42', 1),
	(76, 6, '2020-06-25 09:48:13', 'eyJhbGciOiJIUzI1NiIsInR5cCI6IkpXVCJ9.eyJyb2xlIjoibGlicmFyaWFuIiwiaWQiOjYsInVzZXJuYW1lIjoiYWRtaW4iLCJleHAiOjE1OTU3NDk2OTMuMzU2LCJpcCI6Ijo6MSIsInVhIjoiTW96aWxsYS81LjAgKFdpbmRvd3MgTlQgMTAuMDsgV2luNjQ7IHg2NCkgQXBwbGVXZWJLaXQvNTM3LjM2IChLSFRNTCwgbGlrZSBHZWNrbykgQ2hyb21lLzgzLjAuNDEwMy4xMTYgU2FmYXJpLzUzNy4zNiIsImlhdCI6MTU5MzA3MTI5M30.qL3VoX_cym4P_kM_nrer-3xzh75vxfOWn2Cu-KxKlV0', '2020-07-26 07:48:13', 1),
	(77, 6, '2020-06-25 10:07:34', 'eyJhbGciOiJIUzI1NiIsInR5cCI6IkpXVCJ9.eyJyb2xlIjoibGlicmFyaWFuIiwiaWQiOjYsInVzZXJuYW1lIjoiYWRtaW4iLCJleHAiOjE1OTU3NTA4NTQuNDkxLCJpcCI6Ijo6MSIsInVhIjoiTW96aWxsYS81LjAgKFdpbmRvd3MgTlQgMTAuMDsgV2luNjQ7IHg2NCkgQXBwbGVXZWJLaXQvNTM3LjM2IChLSFRNTCwgbGlrZSBHZWNrbykgQ2hyb21lLzgzLjAuNDEwMy4xMTYgU2FmYXJpLzUzNy4zNiIsImlhdCI6MTU5MzA3MjQ1NH0.Iu2kTiAugOMJp-ijqIeRmoApLgJHFLwTEho0PA4fYpA', '2020-07-26 08:07:34', 1),
	(78, 6, '2020-06-25 15:40:25', 'eyJhbGciOiJIUzI1NiIsInR5cCI6IkpXVCJ9.eyJyb2xlIjoibGlicmFyaWFuIiwiaWQiOjYsInVzZXJuYW1lIjoiYWRtaW4iLCJleHAiOjE1OTU3NzA4MjUuMzY3LCJpcCI6Ijo6MSIsInVhIjoiTW96aWxsYS81LjAgKFdpbmRvd3MgTlQgMTAuMDsgV2luNjQ7IHg2NCkgQXBwbGVXZWJLaXQvNTM3LjM2IChLSFRNTCwgbGlrZSBHZWNrbykgQ2hyb21lLzgzLjAuNDEwMy4xMTYgU2FmYXJpLzUzNy4zNiIsImlhdCI6MTU5MzA5MjQyNX0.EqpPW5JPiW6fOxT3_LDEqDxFl3LLQZMC-nPXVKi5Gzg', '2020-07-26 13:40:25', 1),
	(79, 6, '2020-06-25 16:28:02', 'eyJhbGciOiJIUzI1NiIsInR5cCI6IkpXVCJ9.eyJyb2xlIjoibGlicmFyaWFuIiwiaWQiOjYsInVzZXJuYW1lIjoiYWRtaW4iLCJleHAiOjE1OTU3NzM2ODIuODY3LCJpcCI6Ijo6MSIsInVhIjoiTW96aWxsYS81LjAgKFdpbmRvd3MgTlQgMTAuMDsgV2luNjQ7IHg2NCkgQXBwbGVXZWJLaXQvNTM3LjM2IChLSFRNTCwgbGlrZSBHZWNrbykgQ2hyb21lLzgzLjAuNDEwMy4xMTYgU2FmYXJpLzUzNy4zNiIsImlhdCI6MTU5MzA5NTI4Mn0.IQ8wEoAn90HKxcr5pBXqjpOMZteAqxhGmyF6Rtena6Y', '2020-07-26 14:28:02', 1),
	(80, 6, '2020-06-25 16:39:36', 'eyJhbGciOiJIUzI1NiIsInR5cCI6IkpXVCJ9.eyJyb2xlIjoibGlicmFyaWFuIiwiaWQiOjYsInVzZXJuYW1lIjoiYWRtaW4iLCJleHAiOjE1OTU3NzQzNzYuOTc4LCJpcCI6Ijo6MSIsInVhIjoiTW96aWxsYS81LjAgKFdpbmRvd3MgTlQgMTAuMDsgV2luNjQ7IHg2NCkgQXBwbGVXZWJLaXQvNTM3LjM2IChLSFRNTCwgbGlrZSBHZWNrbykgQ2hyb21lLzgzLjAuNDEwMy4xMTYgU2FmYXJpLzUzNy4zNiIsImlhdCI6MTU5MzA5NTk3Nn0.yR8QZnbbpjrilzrQj_XbDUjhibptwLhS76HiT-Ki030', '2020-07-26 14:39:36', 1),
	(81, 6, '2020-06-25 16:47:01', 'eyJhbGciOiJIUzI1NiIsInR5cCI6IkpXVCJ9.eyJyb2xlIjoibGlicmFyaWFuIiwiaWQiOjYsInVzZXJuYW1lIjoiYWRtaW4iLCJleHAiOjE1OTU3NzQ4MjEuMDEsImlwIjoiOjoxIiwidWEiOiJNb3ppbGxhLzUuMCAoV2luZG93cyBOVCAxMC4wOyBXaW42NDsgeDY0KSBBcHBsZVdlYktpdC81MzcuMzYgKEtIVE1MLCBsaWtlIEdlY2tvKSBDaHJvbWUvODMuMC40MTAzLjExNiBTYWZhcmkvNTM3LjM2IiwiaWF0IjoxNTkzMDk2NDIxfQ.M7PZyw-rRE26BY5ipbluC2fci_40Q9eilclErh2ppYI', '2020-07-26 14:47:01', 1),
	(82, 6, '2020-06-25 17:05:01', 'eyJhbGciOiJIUzI1NiIsInR5cCI6IkpXVCJ9.eyJyb2xlIjoibGlicmFyaWFuIiwiaWQiOjYsInVzZXJuYW1lIjoiYWRtaW4iLCJleHAiOjE1OTU3NzU5MDEuNTQ5LCJpcCI6Ijo6MSIsInVhIjoiTW96aWxsYS81LjAgKFdpbmRvd3MgTlQgMTAuMDsgV2luNjQ7IHg2NCkgQXBwbGVXZWJLaXQvNTM3LjM2IChLSFRNTCwgbGlrZSBHZWNrbykgQ2hyb21lLzgzLjAuNDEwMy4xMTYgU2FmYXJpLzUzNy4zNiIsImlhdCI6MTU5MzA5NzUwMX0.zG5S_0jIV_SYzqmB18wfB7o5NaOs_0xROg6EQsmX_K0', '2020-07-26 15:05:01', 1),
	(83, 6, '2020-06-25 17:10:58', 'eyJhbGciOiJIUzI1NiIsInR5cCI6IkpXVCJ9.eyJyb2xlIjoibGlicmFyaWFuIiwiaWQiOjYsInVzZXJuYW1lIjoiYWRtaW4iLCJleHAiOjE1OTU3NzYyNTguNzQ2LCJpcCI6Ijo6MSIsInVhIjoiTW96aWxsYS81LjAgKFdpbmRvd3MgTlQgMTAuMDsgV2luNjQ7IHg2NCkgQXBwbGVXZWJLaXQvNTM3LjM2IChLSFRNTCwgbGlrZSBHZWNrbykgQ2hyb21lLzgzLjAuNDEwMy4xMTYgU2FmYXJpLzUzNy4zNiIsImlhdCI6MTU5MzA5Nzg1OH0.U59pwfyz_pyYZBhcWSpy_NcUTJg7WvBz_eXdrpLwMJg', '2020-07-26 15:10:58', 1),
	(84, 6, '2020-06-25 17:16:32', 'eyJhbGciOiJIUzI1NiIsInR5cCI6IkpXVCJ9.eyJyb2xlIjoibGlicmFyaWFuIiwiaWQiOjYsInVzZXJuYW1lIjoiYWRtaW4iLCJleHAiOjE1OTU3NzY1OTIuNDIzLCJpcCI6Ijo6MSIsInVhIjoiTW96aWxsYS81LjAgKFdpbmRvd3MgTlQgMTAuMDsgV2luNjQ7IHg2NCkgQXBwbGVXZWJLaXQvNTM3LjM2IChLSFRNTCwgbGlrZSBHZWNrbykgQ2hyb21lLzgzLjAuNDEwMy4xMTYgU2FmYXJpLzUzNy4zNiIsImlhdCI6MTU5MzA5ODE5Mn0.8m6WR6YFf9q2XW7cPOvuOdFxaqgdBYDDa-W1DUoc0kI', '2020-07-26 15:16:32', 1),
	(85, 6, '2020-06-25 17:22:25', 'eyJhbGciOiJIUzI1NiIsInR5cCI6IkpXVCJ9.eyJyb2xlIjoibGlicmFyaWFuIiwiaWQiOjYsInVzZXJuYW1lIjoiYWRtaW4iLCJleHAiOjE1OTU3NzY5NDUuMjYsImlwIjoiOjoxIiwidWEiOiJNb3ppbGxhLzUuMCAoV2luZG93cyBOVCAxMC4wOyBXaW42NDsgeDY0KSBBcHBsZVdlYktpdC81MzcuMzYgKEtIVE1MLCBsaWtlIEdlY2tvKSBDaHJvbWUvODMuMC40MTAzLjExNiBTYWZhcmkvNTM3LjM2IiwiaWF0IjoxNTkzMDk4NTQ1fQ.dGpzmZWHJJfb-aHASVWHNmpFFljyWWeuzB4uMu2dNks', '2020-07-26 15:22:25', 1),
	(86, 6, '2020-06-25 17:24:01', 'eyJhbGciOiJIUzI1NiIsInR5cCI6IkpXVCJ9.eyJyb2xlIjoibGlicmFyaWFuIiwiaWQiOjYsInVzZXJuYW1lIjoiYWRtaW4iLCJleHAiOjE1OTU3NzcwNDEuNjEzLCJpcCI6Ijo6MSIsInVhIjoiTW96aWxsYS81LjAgKFdpbmRvd3MgTlQgMTAuMDsgV2luNjQ7IHg2NCkgQXBwbGVXZWJLaXQvNTM3LjM2IChLSFRNTCwgbGlrZSBHZWNrbykgQ2hyb21lLzgzLjAuNDEwMy4xMTYgU2FmYXJpLzUzNy4zNiIsImlhdCI6MTU5MzA5ODY0MX0.W9z_CtjHyTh3bCHbJCjaFJYLp9ZPKaQd7XHEW-FpzJc', '2020-07-26 15:24:01', 1),
	(87, 6, '2020-06-25 17:24:43', 'eyJhbGciOiJIUzI1NiIsInR5cCI6IkpXVCJ9.eyJyb2xlIjoibGlicmFyaWFuIiwiaWQiOjYsInVzZXJuYW1lIjoiYWRtaW4iLCJleHAiOjE1OTU3NzcwODMuODMsImlwIjoiOjoxIiwidWEiOiJNb3ppbGxhLzUuMCAoV2luZG93cyBOVCAxMC4wOyBXaW42NDsgeDY0KSBBcHBsZVdlYktpdC81MzcuMzYgKEtIVE1MLCBsaWtlIEdlY2tvKSBDaHJvbWUvODMuMC40MTAzLjExNiBTYWZhcmkvNTM3LjM2IiwiaWF0IjoxNTkzMDk4NjgzfQ.5vHRNghnfJoKVIwOgsfwq_p1swrC6q5hO9eGiOSftEg', '2020-07-26 15:24:43', 1),
	(88, 6, '2020-06-25 17:25:46', 'eyJhbGciOiJIUzI1NiIsInR5cCI6IkpXVCJ9.eyJyb2xlIjoibGlicmFyaWFuIiwiaWQiOjYsInVzZXJuYW1lIjoiYWRtaW4iLCJleHAiOjE1OTU3NzcxNDYuNjIxLCJpcCI6Ijo6MSIsInVhIjoiTW96aWxsYS81LjAgKFdpbmRvd3MgTlQgMTAuMDsgV2luNjQ7IHg2NCkgQXBwbGVXZWJLaXQvNTM3LjM2IChLSFRNTCwgbGlrZSBHZWNrbykgQ2hyb21lLzgzLjAuNDEwMy4xMTYgU2FmYXJpLzUzNy4zNiIsImlhdCI6MTU5MzA5ODc0Nn0.4_9e-f1CdmsA6OGVQKcwPILITkxu5ceOx6eGhnKuFUw', '2020-07-26 15:25:46', 1);
/*!40000 ALTER TABLE `librarian_token` ENABLE KEYS */;

-- Dumping structure for table library.loan
DROP TABLE IF EXISTS `loan`;
CREATE TABLE IF NOT EXISTS `loan` (
  `loan_id` int(10) unsigned NOT NULL AUTO_INCREMENT,
  `student_id` int(10) unsigned NOT NULL,
  `librarian_id` int(10) unsigned NOT NULL,
  `created_at` timestamp NOT NULL DEFAULT current_timestamp(),
  `expected_to_be_returned_at` timestamp NOT NULL DEFAULT current_timestamp(),
  `status` enum('pending','loaned','returned','lost') NOT NULL DEFAULT 'pending',
  `returned_at` timestamp NULL DEFAULT NULL,
  `book_id` int(10) unsigned NOT NULL,
  PRIMARY KEY (`loan_id`),
  KEY `fk_loan_student_id` (`student_id`),
  KEY `fk_loan_librarian_id` (`librarian_id`),
  KEY `fk_loan_book_id` (`book_id`),
  CONSTRAINT `fk_loan_book_id` FOREIGN KEY (`book_id`) REFERENCES `book` (`book_id`),
  CONSTRAINT `fk_loan_librarian_id` FOREIGN KEY (`librarian_id`) REFERENCES `librarian` (`librarian_id`) ON UPDATE CASCADE,
  CONSTRAINT `fk_loan_student_id` FOREIGN KEY (`student_id`) REFERENCES `student` (`student_id`) ON UPDATE CASCADE
) ENGINE=InnoDB AUTO_INCREMENT=7 DEFAULT CHARSET=utf8mb4;

-- Dumping data for table library.loan: ~6 rows (approximately)
DELETE FROM `loan`;
/*!40000 ALTER TABLE `loan` DISABLE KEYS */;
INSERT INTO `loan` (`loan_id`, `student_id`, `librarian_id`, `created_at`, `expected_to_be_returned_at`, `status`, `returned_at`, `book_id`) VALUES
	(1, 3, 1, '2020-06-06 18:54:26', '2020-06-07 18:54:26', 'returned', '2020-06-03 18:55:27', 4),
	(2, 1, 1, '2020-06-06 18:54:26', '2020-06-07 18:54:26', 'pending', NULL, 4),
	(3, 1, 1, '2020-06-06 18:54:26', '2020-06-07 18:54:26', 'pending', NULL, 4),
	(4, 1, 1, '2020-06-06 18:54:26', '2020-06-07 18:54:26', 'pending', NULL, 4),
	(5, 1, 1, '2020-06-06 18:54:26', '2020-06-07 18:54:26', 'pending', NULL, 4),
	(6, 1, 1, '2020-06-06 18:54:26', '2020-06-07 18:54:26', 'pending', NULL, 4);
/*!40000 ALTER TABLE `loan` ENABLE KEYS */;

-- Dumping structure for table library.photo
DROP TABLE IF EXISTS `photo`;
CREATE TABLE IF NOT EXISTS `photo` (
  `photo_id` int(10) unsigned NOT NULL AUTO_INCREMENT,
  `book_id` int(10) unsigned NOT NULL DEFAULT 0,
  `image_path` varchar(128) NOT NULL DEFAULT '0',
  PRIMARY KEY (`photo_id`),
  UNIQUE KEY `uq_photo_image_path` (`image_path`),
  KEY `fk_photo_book_id` (`book_id`),
  CONSTRAINT `fk_photo_book_id` FOREIGN KEY (`book_id`) REFERENCES `book` (`book_id`) ON UPDATE CASCADE
) ENGINE=InnoDB AUTO_INCREMENT=14 DEFAULT CHARSET=utf8mb4;

-- Dumping data for table library.photo: ~2 rows (approximately)
DELETE FROM `photo`;
/*!40000 ALTER TABLE `photo` DISABLE KEYS */;
INSERT INTO `photo` (`photo_id`, `book_id`, `image_path`) VALUES
	(7, 4, '2020618-1787603934-udata_do_ponedeljka.jpg'),
	(8, 5, '2020618-3634638564-njegovo_srce_vv.jpg');
/*!40000 ALTER TABLE `photo` ENABLE KEYS */;

-- Dumping structure for table library.reservation
DROP TABLE IF EXISTS `reservation`;
CREATE TABLE IF NOT EXISTS `reservation` (
  `reservation_id` int(10) unsigned NOT NULL AUTO_INCREMENT,
  `student_id` int(10) unsigned NOT NULL DEFAULT 0,
  `book_id` int(10) unsigned NOT NULL DEFAULT 0,
  `status` enum('pending','loaned','rejected') NOT NULL DEFAULT 'pending',
  `reserved_at` timestamp NOT NULL DEFAULT current_timestamp(),
  PRIMARY KEY (`reservation_id`),
  KEY `fk_reservation_student_id` (`student_id`),
  KEY `fk_reservation_book_id` (`book_id`),
  CONSTRAINT `fk_reservation_book_id` FOREIGN KEY (`book_id`) REFERENCES `book` (`book_id`) ON UPDATE CASCADE,
  CONSTRAINT `fk_reservation_student_id` FOREIGN KEY (`student_id`) REFERENCES `student` (`student_id`) ON UPDATE CASCADE
) ENGINE=InnoDB AUTO_INCREMENT=6 DEFAULT CHARSET=utf8mb4;

-- Dumping data for table library.reservation: ~5 rows (approximately)
DELETE FROM `reservation`;
/*!40000 ALTER TABLE `reservation` DISABLE KEYS */;
INSERT INTO `reservation` (`reservation_id`, `student_id`, `book_id`, `status`, `reserved_at`) VALUES
	(2, 1, 4, 'rejected', '2020-06-06 18:54:26'),
	(3, 1, 4, 'pending', '2020-06-06 18:54:26'),
	(4, 1, 4, 'pending', '2020-06-06 18:54:26'),
	(5, 1, 4, 'loaned', '2020-06-10 18:54:26');
/*!40000 ALTER TABLE `reservation` ENABLE KEYS */;

-- Dumping structure for table library.student
DROP TABLE IF EXISTS `student`;
CREATE TABLE IF NOT EXISTS `student` (
  `student_id` int(10) unsigned NOT NULL AUTO_INCREMENT,
  `username` varchar(50) NOT NULL DEFAULT '0',
  `password_hash` varchar(128) NOT NULL DEFAULT '0',
  `forename` varchar(64) NOT NULL DEFAULT '0',
  `surename` varchar(64) NOT NULL DEFAULT '0',
  `phone_number` varchar(24) NOT NULL DEFAULT '0',
  `class_number` varchar(24) NOT NULL DEFAULT '0',
  PRIMARY KEY (`student_id`),
  UNIQUE KEY `uq_student_username` (`username`),
  UNIQUE KEY `uq_student_phone_number` (`phone_number`)
) ENGINE=InnoDB AUTO_INCREMENT=5 DEFAULT CHARSET=utf8mb4;

-- Dumping data for table library.student: ~2 rows (approximately)
DELETE FROM `student`;
/*!40000 ALTER TABLE `student` DISABLE KEYS */;
INSERT INTO `student` (`student_id`, `username`, `password_hash`, `forename`, `surename`, `phone_number`, `class_number`) VALUES
	(1, 'student1', 'CC4F60976B7E97AA6842A8C87BF213B81FFD2FE72334A54B4251D9A4A803237755684B569DB779BD074F24778BBD887DEE8C9B8123E935678F6FDC97BE7AD12D', 'Petar', 'Peric', '0621345678', '6-7'),
	(3, 'student2', '40B8275B1AB04631A2E26AD78510755845942E3CCE55ECD44AB63D60C68205F57B0D60CD36676188AF28C31FC0EE6688447DC774AB661D5890A12AB480629E7E', 'Marko', 'Markovic', '0612345678', '5-6'),
	(4, 'student3', 'F199285F06D7DD8C38862266A825F52699183BD922E6773042A5E34B4EC947859740DE6042FF36FEAA452FCDA8D855413C69417CA087DC6BB6CD0072CEE7B24B', 'Marko', 'Markovic', '+381612345678', '5-6');
/*!40000 ALTER TABLE `student` ENABLE KEYS */;

-- Dumping structure for table library.student_token
DROP TABLE IF EXISTS `student_token`;
CREATE TABLE IF NOT EXISTS `student_token` (
  `student_token_id` int(10) unsigned NOT NULL AUTO_INCREMENT,
  `student_id` int(10) unsigned NOT NULL,
  `created_at` timestamp NOT NULL DEFAULT current_timestamp(),
  `token` text NOT NULL,
  `expires_at` datetime NOT NULL,
  `is_valid` tinyint(1) unsigned NOT NULL DEFAULT 1,
  PRIMARY KEY (`student_token_id`),
  KEY `FK_student_token_student_id` (`student_id`),
  CONSTRAINT `FK_student_token_student_id` FOREIGN KEY (`student_id`) REFERENCES `student` (`student_id`) ON UPDATE CASCADE
) ENGINE=InnoDB AUTO_INCREMENT=179 DEFAULT CHARSET=utf8mb4;

-- Dumping data for table library.student_token: ~121 rows (approximately)
DELETE FROM `student_token`;
/*!40000 ALTER TABLE `student_token` DISABLE KEYS */;
INSERT INTO `student_token` (`student_token_id`, `student_id`, `created_at`, `token`, `expires_at`, `is_valid`) VALUES
	(1, 3, '2020-06-11 21:19:01', 'eyJhbGciOiJIUzI1NiIsInR5cCI6IkpXVCJ9.eyJyb2xlIjoic3R1ZGVudCIsImlkIjozLCJleHAiOjE1OTQ1ODE1NDEuMTMxLCJpcCI6Ijo6MSIsInVhIjoiUG9zdG1hblJ1bnRpbWUvNy4yNS4wIiwiaWF0IjoxNTkxOTAzMTQxfQ.RlW2-Tk4aO33yR9E8uPQBfQiHka7R7oS8FJX4qD2zrw', '2020-07-12 19:19:01', 1),
	(2, 3, '2020-06-17 20:48:34', 'eyJhbGciOiJIUzI1NiIsInR5cCI6IkpXVCJ9.eyJyb2xlIjoic3R1ZGVudCIsImlkIjozLCJleHAiOjE1OTUwOTgxMTQuNzEsImlwIjoiOjoxIiwidWEiOiJNb3ppbGxhLzUuMCAoV2luZG93cyBOVCAxMC4wOyBXaW42NDsgeDY0KSBBcHBsZVdlYktpdC81MzcuMzYgKEtIVE1MLCBsaWtlIEdlY2tvKSBDaHJvbWUvODMuMC40MTAzLjEwNiBTYWZhcmkvNTM3LjM2IiwiaWF0IjoxNTkyNDE5NzE0fQ.Ivlk-Hf0Bv-0pFv06r32Rw1JmFFwINJPX6n5F98Sh90', '2020-07-18 18:48:34', 1),
	(3, 3, '2020-06-17 21:20:27', 'eyJhbGciOiJIUzI1NiIsInR5cCI6IkpXVCJ9.eyJyb2xlIjoic3R1ZGVudCIsImlkIjozLCJleHAiOjE1OTUxMDAwMjcuMzkxLCJpcCI6Ijo6MSIsInVhIjoiTW96aWxsYS81LjAgKFdpbmRvd3MgTlQgMTAuMDsgV2luNjQ7IHg2NCkgQXBwbGVXZWJLaXQvNTM3LjM2IChLSFRNTCwgbGlrZSBHZWNrbykgQ2hyb21lLzgzLjAuNDEwMy4xMDYgU2FmYXJpLzUzNy4zNiIsImlhdCI6MTU5MjQyMTYyN30.g4qAeFhZxComa-nrX7VfMAPzMLh_rLt6PGVM4TMUBAA', '2020-07-18 19:20:27', 1),
	(4, 3, '2020-06-17 22:37:07', 'eyJhbGciOiJIUzI1NiIsInR5cCI6IkpXVCJ9.eyJyb2xlIjoic3R1ZGVudCIsImlkIjozLCJleHAiOjE1OTUxMDQ2MjcuNTg0LCJpcCI6Ijo6MSIsInVhIjoiTW96aWxsYS81LjAgKFdpbmRvd3MgTlQgMTAuMDsgV2luNjQ7IHg2NCkgQXBwbGVXZWJLaXQvNTM3LjM2IChLSFRNTCwgbGlrZSBHZWNrbykgQ2hyb21lLzgzLjAuNDEwMy4xMDYgU2FmYXJpLzUzNy4zNiIsImlhdCI6MTU5MjQyNjIyN30.ow1zjdWpxSTzQgJgglJnNgu1qYyXpicHtCks3ZePrAU', '2020-07-18 20:37:07', 1),
	(5, 3, '2020-06-17 22:37:32', 'eyJhbGciOiJIUzI1NiIsInR5cCI6IkpXVCJ9.eyJyb2xlIjoic3R1ZGVudCIsImlkIjozLCJleHAiOjE1OTUxMDQ2NTIuODcyLCJpcCI6Ijo6MSIsInVhIjoiTW96aWxsYS81LjAgKFdpbmRvd3MgTlQgMTAuMDsgV2luNjQ7IHg2NCkgQXBwbGVXZWJLaXQvNTM3LjM2IChLSFRNTCwgbGlrZSBHZWNrbykgQ2hyb21lLzgzLjAuNDEwMy4xMDYgU2FmYXJpLzUzNy4zNiIsImlhdCI6MTU5MjQyNjI1Mn0.WNDtMI7xuuW2r2YwZjAS_yC2Kxgpe1l4QwJsR6EZnho', '2020-07-18 20:37:32', 1),
	(6, 3, '2020-06-18 09:50:07', 'eyJhbGciOiJIUzI1NiIsInR5cCI6IkpXVCJ9.eyJyb2xlIjoic3R1ZGVudCIsImlkIjozLCJleHAiOjE1OTUxNDUwMDcuNzQ3LCJpcCI6Ijo6MSIsInVhIjoiTW96aWxsYS81LjAgKFdpbmRvd3MgTlQgMTAuMDsgV2luNjQ7IHg2NCkgQXBwbGVXZWJLaXQvNTM3LjM2IChLSFRNTCwgbGlrZSBHZWNrbykgQ2hyb21lLzgzLjAuNDEwMy4xMDYgU2FmYXJpLzUzNy4zNiIsImlhdCI6MTU5MjQ2NjYwN30.F6yjl1z18lmKOGTtU7xE8cjmH84IuclmbtRas-ICWNU', '2020-07-19 07:50:07', 1),
	(7, 3, '2020-06-18 09:56:12', 'eyJhbGciOiJIUzI1NiIsInR5cCI6IkpXVCJ9.eyJyb2xlIjoic3R1ZGVudCIsImlkIjozLCJleHAiOjE1OTUxNDUzNzIuNDc1LCJpcCI6Ijo6MSIsInVhIjoiTW96aWxsYS81LjAgKFdpbmRvd3MgTlQgMTAuMDsgV2luNjQ7IHg2NCkgQXBwbGVXZWJLaXQvNTM3LjM2IChLSFRNTCwgbGlrZSBHZWNrbykgQ2hyb21lLzgzLjAuNDEwMy4xMDYgU2FmYXJpLzUzNy4zNiIsImlhdCI6MTU5MjQ2Njk3Mn0.0i2d0Mhgum2BycQzyfDBNjx78LmAlN1DBFl4IlEYmlw', '2020-07-19 07:56:12', 1),
	(8, 3, '2020-06-18 10:11:21', 'eyJhbGciOiJIUzI1NiIsInR5cCI6IkpXVCJ9.eyJyb2xlIjoic3R1ZGVudCIsImlkIjozLCJleHAiOjE1OTUxNDYyODEuMzU3LCJpcCI6Ijo6MSIsInVhIjoiTW96aWxsYS81LjAgKFdpbmRvd3MgTlQgMTAuMDsgV2luNjQ7IHg2NCkgQXBwbGVXZWJLaXQvNTM3LjM2IChLSFRNTCwgbGlrZSBHZWNrbykgQ2hyb21lLzgzLjAuNDEwMy4xMDYgU2FmYXJpLzUzNy4zNiIsImlhdCI6MTU5MjQ2Nzg4MX0.-O2nOxbGk4TgRboPzX3wJfligiGFtkykhKgmQX8IXtE', '2020-07-19 08:11:21', 1),
	(9, 3, '2020-06-18 10:11:38', 'eyJhbGciOiJIUzI1NiIsInR5cCI6IkpXVCJ9.eyJyb2xlIjoic3R1ZGVudCIsImlkIjozLCJleHAiOjE1OTUxNDYyOTguMjg3LCJpcCI6Ijo6MSIsInVhIjoiTW96aWxsYS81LjAgKFdpbmRvd3MgTlQgMTAuMDsgV2luNjQ7IHg2NCkgQXBwbGVXZWJLaXQvNTM3LjM2IChLSFRNTCwgbGlrZSBHZWNrbykgQ2hyb21lLzgzLjAuNDEwMy4xMDYgU2FmYXJpLzUzNy4zNiIsImlhdCI6MTU5MjQ2Nzg5OH0.ZX9PEkOZJzrcN4UMcjmLNvkVlijG8d6Sh5i7vnkhigg', '2020-07-19 08:11:38', 1),
	(10, 3, '2020-06-18 10:26:36', 'eyJhbGciOiJIUzI1NiIsInR5cCI6IkpXVCJ9.eyJyb2xlIjoic3R1ZGVudCIsImlkIjozLCJleHAiOjE1OTUxNDcxOTYuMjk3LCJpcCI6Ijo6MSIsInVhIjoiTW96aWxsYS81LjAgKFdpbmRvd3MgTlQgMTAuMDsgV2luNjQ7IHg2NCkgQXBwbGVXZWJLaXQvNTM3LjM2IChLSFRNTCwgbGlrZSBHZWNrbykgQ2hyb21lLzgzLjAuNDEwMy4xMDYgU2FmYXJpLzUzNy4zNiIsImlhdCI6MTU5MjQ2ODc5Nn0.8yIE7bMv0OA11hPKcvHrt3wJah1v0Vaz2LeZLik33D0', '2020-07-19 08:26:36', 1),
	(11, 3, '2020-06-18 10:27:24', 'eyJhbGciOiJIUzI1NiIsInR5cCI6IkpXVCJ9.eyJyb2xlIjoic3R1ZGVudCIsImlkIjozLCJleHAiOjE1OTUxNDcyNDQuNzEyLCJpcCI6Ijo6MSIsInVhIjoiTW96aWxsYS81LjAgKFdpbmRvd3MgTlQgMTAuMDsgV2luNjQ7IHg2NCkgQXBwbGVXZWJLaXQvNTM3LjM2IChLSFRNTCwgbGlrZSBHZWNrbykgQ2hyb21lLzgzLjAuNDEwMy4xMDYgU2FmYXJpLzUzNy4zNiIsImlhdCI6MTU5MjQ2ODg0NH0.1xIyKL1LY0vuY4AcVgGm_9TwVX0xjgcRZ1fENlMH-fc', '2020-07-19 08:27:24', 1),
	(12, 3, '2020-06-18 10:31:33', 'eyJhbGciOiJIUzI1NiIsInR5cCI6IkpXVCJ9.eyJyb2xlIjoic3R1ZGVudCIsImlkIjozLCJleHAiOjE1OTUxNDc0OTMuNzUyLCJpcCI6Ijo6MSIsInVhIjoiTW96aWxsYS81LjAgKFdpbmRvd3MgTlQgMTAuMDsgV2luNjQ7IHg2NCkgQXBwbGVXZWJLaXQvNTM3LjM2IChLSFRNTCwgbGlrZSBHZWNrbykgQ2hyb21lLzgzLjAuNDEwMy4xMDYgU2FmYXJpLzUzNy4zNiIsImlhdCI6MTU5MjQ2OTA5M30.WDVev6pYFasjnkeDCSjVE--Y0DUTDCl2AH9MvdyBuS8', '2020-07-19 08:31:33', 1),
	(13, 3, '2020-06-18 10:32:46', 'eyJhbGciOiJIUzI1NiIsInR5cCI6IkpXVCJ9.eyJyb2xlIjoic3R1ZGVudCIsImlkIjozLCJleHAiOjE1OTUxNDc1NjYuMjIzLCJpcCI6Ijo6MSIsInVhIjoiUG9zdG1hblJ1bnRpbWUvNy4yNS4wIiwiaWF0IjoxNTkyNDY5MTY2fQ.EbOKZeNcqLjcO_1q7Zxqzb7D2UXoHBFcJ25rZhIMYjk', '2020-07-19 08:32:46', 1),
	(14, 3, '2020-06-18 10:55:38', 'eyJhbGciOiJIUzI1NiIsInR5cCI6IkpXVCJ9.eyJyb2xlIjoic3R1ZGVudCIsImlkIjozLCJleHAiOjE1OTUxNDg5MzguMzk3LCJpcCI6Ijo6MSIsInVhIjoiTW96aWxsYS81LjAgKFdpbmRvd3MgTlQgMTAuMDsgV2luNjQ7IHg2NCkgQXBwbGVXZWJLaXQvNTM3LjM2IChLSFRNTCwgbGlrZSBHZWNrbykgQ2hyb21lLzgzLjAuNDEwMy4xMDYgU2FmYXJpLzUzNy4zNiIsImlhdCI6MTU5MjQ3MDUzOH0.e_JYxJEwAFN8EHQvu_ZUowS3uV-irCe0vjNt0iYaTXc', '2020-07-19 08:55:38', 1),
	(15, 3, '2020-06-18 11:34:49', 'eyJhbGciOiJIUzI1NiIsInR5cCI6IkpXVCJ9.eyJyb2xlIjoic3R1ZGVudCIsImlkIjozLCJleHAiOjE1OTUxNTEyODkuNDE3LCJpcCI6Ijo6MSIsInVhIjoiTW96aWxsYS81LjAgKFdpbmRvd3MgTlQgMTAuMDsgV2luNjQ7IHg2NCkgQXBwbGVXZWJLaXQvNTM3LjM2IChLSFRNTCwgbGlrZSBHZWNrbykgQ2hyb21lLzgzLjAuNDEwMy4xMDYgU2FmYXJpLzUzNy4zNiIsImlhdCI6MTU5MjQ3Mjg4OX0.7iuX3srDANHzhtHb-8Eizorx1hxt2UWZRZ-xsIgcfbU', '2020-07-19 09:34:49', 1),
	(16, 3, '2020-06-18 11:35:10', 'eyJhbGciOiJIUzI1NiIsInR5cCI6IkpXVCJ9.eyJyb2xlIjoic3R1ZGVudCIsImlkIjozLCJleHAiOjE1OTUxNTEzMTAuNzQ5LCJpcCI6Ijo6MSIsInVhIjoiTW96aWxsYS81LjAgKFdpbmRvd3MgTlQgMTAuMDsgV2luNjQ7IHg2NCkgQXBwbGVXZWJLaXQvNTM3LjM2IChLSFRNTCwgbGlrZSBHZWNrbykgQ2hyb21lLzgzLjAuNDEwMy4xMDYgU2FmYXJpLzUzNy4zNiIsImlhdCI6MTU5MjQ3MjkxMH0.Pl6nsi1Y2CXeQ5xl4eQfAtbf54XVr3PYWrLWLIwp1cg', '2020-07-19 09:35:10', 1),
	(17, 3, '2020-06-18 11:36:42', 'eyJhbGciOiJIUzI1NiIsInR5cCI6IkpXVCJ9.eyJyb2xlIjoic3R1ZGVudCIsImlkIjozLCJleHAiOjE1OTUxNTE0MDIuNjY1LCJpcCI6Ijo6MSIsInVhIjoiTW96aWxsYS81LjAgKFdpbmRvd3MgTlQgMTAuMDsgV2luNjQ7IHg2NCkgQXBwbGVXZWJLaXQvNTM3LjM2IChLSFRNTCwgbGlrZSBHZWNrbykgQ2hyb21lLzgzLjAuNDEwMy4xMDYgU2FmYXJpLzUzNy4zNiIsImlhdCI6MTU5MjQ3MzAwMn0.eK9r2uM8q6lzDAfLODcJADmeyqXsePcS4-Xh7Xe7J7o', '2020-07-19 09:36:42', 1),
	(18, 3, '2020-06-18 11:42:25', 'eyJhbGciOiJIUzI1NiIsInR5cCI6IkpXVCJ9.eyJyb2xlIjoic3R1ZGVudCIsImlkIjozLCJleHAiOjE1OTUxNTE3NDUuMTA0LCJpcCI6Ijo6MSIsInVhIjoiTW96aWxsYS81LjAgKFdpbmRvd3MgTlQgMTAuMDsgV2luNjQ7IHg2NCkgQXBwbGVXZWJLaXQvNTM3LjM2IChLSFRNTCwgbGlrZSBHZWNrbykgQ2hyb21lLzgzLjAuNDEwMy4xMDYgU2FmYXJpLzUzNy4zNiIsImlhdCI6MTU5MjQ3MzM0NX0.nUBgTXYRkOMjqoBICaA0tmMQy5kbtVIscuvFuFeA-H0', '2020-07-19 09:42:25', 1),
	(19, 3, '2020-06-18 15:38:27', 'eyJhbGciOiJIUzI1NiIsInR5cCI6IkpXVCJ9.eyJyb2xlIjoic3R1ZGVudCIsImlkIjozLCJleHAiOjE1OTUxNjU5MDcuMTcsImlwIjoiOjoxIiwidWEiOiJNb3ppbGxhLzUuMCAoV2luZG93cyBOVCAxMC4wOyBXaW42NDsgeDY0KSBBcHBsZVdlYktpdC81MzcuMzYgKEtIVE1MLCBsaWtlIEdlY2tvKSBDaHJvbWUvODMuMC40MTAzLjEwNiBTYWZhcmkvNTM3LjM2IiwiaWF0IjoxNTkyNDg3NTA3fQ.tFHyylvzgJ0dVq-45YEpkV9tWFTyml4Gv1szxpZPty0', '2020-07-19 13:38:27', 1),
	(20, 3, '2020-06-18 15:44:01', 'eyJhbGciOiJIUzI1NiIsInR5cCI6IkpXVCJ9.eyJyb2xlIjoic3R1ZGVudCIsImlkIjozLCJleHAiOjE1OTUxNjYyNDEuOTY5LCJpcCI6Ijo6MSIsInVhIjoiTW96aWxsYS81LjAgKFdpbmRvd3MgTlQgMTAuMDsgV2luNjQ7IHg2NCkgQXBwbGVXZWJLaXQvNTM3LjM2IChLSFRNTCwgbGlrZSBHZWNrbykgQ2hyb21lLzgzLjAuNDEwMy4xMDYgU2FmYXJpLzUzNy4zNiIsImlhdCI6MTU5MjQ4Nzg0MX0.zkiUo8NlfqKdVtQVUmBiXR58QJZyNSK5hMOcNFfesRk', '2020-07-19 13:44:01', 1),
	(21, 3, '2020-06-18 15:45:34', 'eyJhbGciOiJIUzI1NiIsInR5cCI6IkpXVCJ9.eyJyb2xlIjoic3R1ZGVudCIsImlkIjozLCJleHAiOjE1OTUxNjYzMzQuMTI3LCJpcCI6Ijo6MSIsInVhIjoiTW96aWxsYS81LjAgKFdpbmRvd3MgTlQgMTAuMDsgV2luNjQ7IHg2NCkgQXBwbGVXZWJLaXQvNTM3LjM2IChLSFRNTCwgbGlrZSBHZWNrbykgQ2hyb21lLzgzLjAuNDEwMy4xMDYgU2FmYXJpLzUzNy4zNiIsImlhdCI6MTU5MjQ4NzkzNH0.0SchxB2cs8OffvX4MKJglFsAWQri-qWkwQwA-FOOMGg', '2020-07-19 13:45:34', 1),
	(22, 3, '2020-06-18 15:56:37', 'eyJhbGciOiJIUzI1NiIsInR5cCI6IkpXVCJ9.eyJyb2xlIjoic3R1ZGVudCIsImlkIjozLCJleHAiOjE1OTUxNjY5OTcuODU2LCJpcCI6Ijo6MSIsInVhIjoiTW96aWxsYS81LjAgKFdpbmRvd3MgTlQgMTAuMDsgV2luNjQ7IHg2NCkgQXBwbGVXZWJLaXQvNTM3LjM2IChLSFRNTCwgbGlrZSBHZWNrbykgQ2hyb21lLzgzLjAuNDEwMy4xMDYgU2FmYXJpLzUzNy4zNiIsImlhdCI6MTU5MjQ4ODU5N30.KmEr1uxr_3wr7aNG7xreBNG7GIMbxdWBMcsIVR8Qpcw', '2020-07-19 13:56:37', 1),
	(23, 3, '2020-06-18 18:21:23', 'eyJhbGciOiJIUzI1NiIsInR5cCI6IkpXVCJ9.eyJyb2xlIjoic3R1ZGVudCIsImlkIjozLCJleHAiOjE1OTUxNzU2ODMuMDYsImlwIjoiOjoxIiwidWEiOiJNb3ppbGxhLzUuMCAoV2luZG93cyBOVCAxMC4wOyBXaW42NDsgeDY0KSBBcHBsZVdlYktpdC81MzcuMzYgKEtIVE1MLCBsaWtlIEdlY2tvKSBDaHJvbWUvODMuMC40MTAzLjEwNiBTYWZhcmkvNTM3LjM2IiwiaWF0IjoxNTkyNDk3MjgzfQ.Fqe5jZY0euyTnEZRb_LZ6Mg-0L-4I4YgeShipgiN3PM', '2020-07-19 16:21:23', 1),
	(24, 3, '2020-06-18 18:26:52', 'eyJhbGciOiJIUzI1NiIsInR5cCI6IkpXVCJ9.eyJyb2xlIjoic3R1ZGVudCIsImlkIjozLCJleHAiOjE1OTUxNzYwMTIuMTU1LCJpcCI6Ijo6MSIsInVhIjoiTW96aWxsYS81LjAgKFdpbmRvd3MgTlQgMTAuMDsgV2luNjQ7IHg2NCkgQXBwbGVXZWJLaXQvNTM3LjM2IChLSFRNTCwgbGlrZSBHZWNrbykgQ2hyb21lLzgzLjAuNDEwMy4xMDYgU2FmYXJpLzUzNy4zNiIsImlhdCI6MTU5MjQ5NzYxMn0.aWTTSa4mXfwrSG09hCMN0kuaciWZpJCkp7yePKA4s6A', '2020-07-19 16:26:52', 1),
	(25, 3, '2020-06-18 18:41:30', 'eyJhbGciOiJIUzI1NiIsInR5cCI6IkpXVCJ9.eyJyb2xlIjoic3R1ZGVudCIsImlkIjozLCJleHAiOjE1OTUxNzY4ODkuNDE3LCJpcCI6Ijo6MSIsInVhIjoiTW96aWxsYS81LjAgKFdpbmRvd3MgTlQgMTAuMDsgV2luNjQ7IHg2NCkgQXBwbGVXZWJLaXQvNTM3LjM2IChLSFRNTCwgbGlrZSBHZWNrbykgQ2hyb21lLzgzLjAuNDEwMy4xMDYgU2FmYXJpLzUzNy4zNiIsImlhdCI6MTU5MjQ5ODQ4OX0.0CuPG_Qs4nXnmghW1hYg52qXw71Q2wQ7PlaQDLFJH3o', '2020-07-19 16:41:29', 1),
	(26, 3, '2020-06-18 19:00:46', 'eyJhbGciOiJIUzI1NiIsInR5cCI6IkpXVCJ9.eyJyb2xlIjoic3R1ZGVudCIsImlkIjozLCJleHAiOjE1OTUxNzgwNDYuNDk3LCJpcCI6Ijo6MSIsInVhIjoiTW96aWxsYS81LjAgKFdpbmRvd3MgTlQgMTAuMDsgV2luNjQ7IHg2NCkgQXBwbGVXZWJLaXQvNTM3LjM2IChLSFRNTCwgbGlrZSBHZWNrbykgQ2hyb21lLzgzLjAuNDEwMy4xMDYgU2FmYXJpLzUzNy4zNiIsImlhdCI6MTU5MjQ5OTY0Nn0.BQGeuGuhhWQKhcscp3e89VYiuMWq4RQAnDf_1Ed0FX0', '2020-07-19 17:00:46', 1),
	(27, 3, '2020-06-18 21:07:12', 'eyJhbGciOiJIUzI1NiIsInR5cCI6IkpXVCJ9.eyJyb2xlIjoic3R1ZGVudCIsImlkIjozLCJleHAiOjE1OTUxODU2MzIuMjgxLCJpcCI6Ijo6MSIsInVhIjoiTW96aWxsYS81LjAgKFdpbmRvd3MgTlQgMTAuMDsgV2luNjQ7IHg2NCkgQXBwbGVXZWJLaXQvNTM3LjM2IChLSFRNTCwgbGlrZSBHZWNrbykgQ2hyb21lLzgzLjAuNDEwMy4xMDYgU2FmYXJpLzUzNy4zNiIsImlhdCI6MTU5MjUwNzIzMn0.QtvxHcvGx0_M0vJz9jaYvGY4PwzC1l3VPeTt2X0qLI4', '2020-07-19 19:07:12', 1),
	(28, 3, '2020-06-18 21:08:13', 'eyJhbGciOiJIUzI1NiIsInR5cCI6IkpXVCJ9.eyJyb2xlIjoic3R1ZGVudCIsImlkIjozLCJleHAiOjE1OTUxODU2OTMuNDMxLCJpcCI6Ijo6MSIsInVhIjoiTW96aWxsYS81LjAgKFdpbmRvd3MgTlQgMTAuMDsgV2luNjQ7IHg2NCkgQXBwbGVXZWJLaXQvNTM3LjM2IChLSFRNTCwgbGlrZSBHZWNrbykgQ2hyb21lLzgzLjAuNDEwMy4xMDYgU2FmYXJpLzUzNy4zNiIsImlhdCI6MTU5MjUwNzI5M30.Avj2psEhejQlFp51UrUtCHhDkcYKItZ4bD6-sMvp1Is', '2020-07-19 19:08:13', 1),
	(29, 3, '2020-06-18 21:18:03', 'eyJhbGciOiJIUzI1NiIsInR5cCI6IkpXVCJ9.eyJyb2xlIjoic3R1ZGVudCIsImlkIjozLCJleHAiOjE1OTUxODYyODMuOTkzLCJpcCI6Ijo6MSIsInVhIjoiTW96aWxsYS81LjAgKFdpbmRvd3MgTlQgMTAuMDsgV2luNjQ7IHg2NCkgQXBwbGVXZWJLaXQvNTM3LjM2IChLSFRNTCwgbGlrZSBHZWNrbykgQ2hyb21lLzgzLjAuNDEwMy4xMDYgU2FmYXJpLzUzNy4zNiIsImlhdCI6MTU5MjUwNzg4M30.RoTxI5jYaEiPskar25EMk7aQcPRqCv0gK_QC1XpCpUE', '2020-07-19 19:18:03', 1),
	(30, 3, '2020-06-18 21:25:36', 'eyJhbGciOiJIUzI1NiIsInR5cCI6IkpXVCJ9.eyJyb2xlIjoic3R1ZGVudCIsImlkIjozLCJleHAiOjE1OTUxODY3MzYuMzk5LCJpcCI6Ijo6MSIsInVhIjoiTW96aWxsYS81LjAgKFdpbmRvd3MgTlQgMTAuMDsgV2luNjQ7IHg2NCkgQXBwbGVXZWJLaXQvNTM3LjM2IChLSFRNTCwgbGlrZSBHZWNrbykgQ2hyb21lLzgzLjAuNDEwMy4xMDYgU2FmYXJpLzUzNy4zNiIsImlhdCI6MTU5MjUwODMzNn0.JRvy9d-pRsrPwsyu_g1YpEtspY7iAmpFCPW-yIwpivk', '2020-07-19 19:25:36', 1),
	(31, 3, '2020-06-18 21:36:17', 'eyJhbGciOiJIUzI1NiIsInR5cCI6IkpXVCJ9.eyJyb2xlIjoic3R1ZGVudCIsImlkIjozLCJleHAiOjE1OTUxODczNzcuNzY2LCJpcCI6Ijo6MSIsInVhIjoiTW96aWxsYS81LjAgKFdpbmRvd3MgTlQgMTAuMDsgV2luNjQ7IHg2NCkgQXBwbGVXZWJLaXQvNTM3LjM2IChLSFRNTCwgbGlrZSBHZWNrbykgQ2hyb21lLzgzLjAuNDEwMy4xMDYgU2FmYXJpLzUzNy4zNiIsImlhdCI6MTU5MjUwODk3N30.w3AscYabtPFnOfKZfEHD7IycwjGAdrTOAu-iR3NOK7M', '2020-07-19 19:36:17', 1),
	(32, 3, '2020-06-18 21:54:38', 'eyJhbGciOiJIUzI1NiIsInR5cCI6IkpXVCJ9.eyJyb2xlIjoic3R1ZGVudCIsImlkIjozLCJleHAiOjE1OTUxODg0NzguMTg5LCJpcCI6Ijo6MSIsInVhIjoiTW96aWxsYS81LjAgKFdpbmRvd3MgTlQgMTAuMDsgV2luNjQ7IHg2NCkgQXBwbGVXZWJLaXQvNTM3LjM2IChLSFRNTCwgbGlrZSBHZWNrbykgQ2hyb21lLzgzLjAuNDEwMy4xMDYgU2FmYXJpLzUzNy4zNiIsImlhdCI6MTU5MjUxMDA3OH0.ejppJ8LKJuzfpYX8AMVQUCeWrGotI2UgVHpoUxZ3dDA', '2020-07-19 19:54:38', 1),
	(33, 3, '2020-06-18 22:01:13', 'eyJhbGciOiJIUzI1NiIsInR5cCI6IkpXVCJ9.eyJyb2xlIjoic3R1ZGVudCIsImlkIjozLCJleHAiOjE1OTUxODg4NzMuODExLCJpcCI6Ijo6MSIsInVhIjoiTW96aWxsYS81LjAgKFdpbmRvd3MgTlQgMTAuMDsgV2luNjQ7IHg2NCkgQXBwbGVXZWJLaXQvNTM3LjM2IChLSFRNTCwgbGlrZSBHZWNrbykgQ2hyb21lLzgzLjAuNDEwMy4xMDYgU2FmYXJpLzUzNy4zNiIsImlhdCI6MTU5MjUxMDQ3M30.8yDJqPEq4k4Jb3ih5t5U9mTo6NCqHFv2VyujohPayjU', '2020-07-19 20:01:13', 1),
	(34, 3, '2020-06-18 22:10:43', 'eyJhbGciOiJIUzI1NiIsInR5cCI6IkpXVCJ9.eyJyb2xlIjoic3R1ZGVudCIsImlkIjozLCJleHAiOjE1OTUxODk0NDMuODM3LCJpcCI6Ijo6MSIsInVhIjoiTW96aWxsYS81LjAgKFdpbmRvd3MgTlQgMTAuMDsgV2luNjQ7IHg2NCkgQXBwbGVXZWJLaXQvNTM3LjM2IChLSFRNTCwgbGlrZSBHZWNrbykgQ2hyb21lLzgzLjAuNDEwMy4xMDYgU2FmYXJpLzUzNy4zNiIsImlhdCI6MTU5MjUxMTA0M30.hKeleqHRLJHw3JZsl29ex0147A7MdJAXKKKXzD0biHU', '2020-07-19 20:10:43', 1),
	(35, 3, '2020-06-18 22:27:29', 'eyJhbGciOiJIUzI1NiIsInR5cCI6IkpXVCJ9.eyJyb2xlIjoic3R1ZGVudCIsImlkIjozLCJleHAiOjE1OTUxOTA0NDkuMjc1LCJpcCI6Ijo6MSIsInVhIjoiTW96aWxsYS81LjAgKFdpbmRvd3MgTlQgMTAuMDsgV2luNjQ7IHg2NCkgQXBwbGVXZWJLaXQvNTM3LjM2IChLSFRNTCwgbGlrZSBHZWNrbykgQ2hyb21lLzgzLjAuNDEwMy4xMDYgU2FmYXJpLzUzNy4zNiIsImlhdCI6MTU5MjUxMjA0OX0.Be-1foTIzjBfACRcPQ8jy4Vf2lD07qMomeu3l1tYZQ0', '2020-07-19 20:27:29', 1),
	(36, 3, '2020-06-18 22:32:24', 'eyJhbGciOiJIUzI1NiIsInR5cCI6IkpXVCJ9.eyJyb2xlIjoic3R1ZGVudCIsImlkIjozLCJleHAiOjE1OTUxOTA3NDQuNTY1LCJpcCI6Ijo6MSIsInVhIjoiUG9zdG1hblJ1bnRpbWUvNy4yNS4wIiwiaWF0IjoxNTkyNTEyMzQ0fQ.DnjZ4iWb-8cvB4HkhqRNJ3QdP0CQel6YIYMEpmRg8Ag', '2020-07-19 20:32:24', 1),
	(37, 4, '2020-06-18 22:34:05', 'eyJhbGciOiJIUzI1NiIsInR5cCI6IkpXVCJ9.eyJyb2xlIjoic3R1ZGVudCIsImlkIjo0LCJleHAiOjE1OTUxOTA4NDUuNzY0LCJpcCI6Ijo6MSIsInVhIjoiTW96aWxsYS81LjAgKFdpbmRvd3MgTlQgMTAuMDsgV2luNjQ7IHg2NCkgQXBwbGVXZWJLaXQvNTM3LjM2IChLSFRNTCwgbGlrZSBHZWNrbykgQ2hyb21lLzgzLjAuNDEwMy4xMDYgU2FmYXJpLzUzNy4zNiIsImlhdCI6MTU5MjUxMjQ0NX0.alhQc4libEgNFxALwjCaJXFLZepUtgFLVvbUFZQykig', '2020-07-19 20:34:05', 1),
	(38, 4, '2020-06-18 22:39:46', 'eyJhbGciOiJIUzI1NiIsInR5cCI6IkpXVCJ9.eyJyb2xlIjoic3R1ZGVudCIsImlkIjo0LCJleHAiOjE1OTUxOTExODYuNTUyLCJpcCI6Ijo6MSIsInVhIjoiTW96aWxsYS81LjAgKFdpbmRvd3MgTlQgMTAuMDsgV2luNjQ7IHg2NCkgQXBwbGVXZWJLaXQvNTM3LjM2IChLSFRNTCwgbGlrZSBHZWNrbykgQ2hyb21lLzgzLjAuNDEwMy4xMDYgU2FmYXJpLzUzNy4zNiIsImlhdCI6MTU5MjUxMjc4Nn0.6c4f0Es4zqaTqCnqIRtIp2tBNYB6JTRZteanTpjdVBY', '2020-07-19 20:39:46', 1),
	(39, 4, '2020-06-18 22:39:53', 'eyJhbGciOiJIUzI1NiIsInR5cCI6IkpXVCJ9.eyJyb2xlIjoic3R1ZGVudCIsImlkIjo0LCJleHAiOjE1OTUxOTExOTMuODU1LCJpcCI6Ijo6MSIsInVhIjoiTW96aWxsYS81LjAgKFdpbmRvd3MgTlQgMTAuMDsgV2luNjQ7IHg2NCkgQXBwbGVXZWJLaXQvNTM3LjM2IChLSFRNTCwgbGlrZSBHZWNrbykgQ2hyb21lLzgzLjAuNDEwMy4xMDYgU2FmYXJpLzUzNy4zNiIsImlhdCI6MTU5MjUxMjc5M30.gOmVoin5g8kps9aUgzgESMVgfyZWTKD3pLD7NWGkp4M', '2020-07-19 20:39:53', 1),
	(40, 4, '2020-06-18 22:39:54', 'eyJhbGciOiJIUzI1NiIsInR5cCI6IkpXVCJ9.eyJyb2xlIjoic3R1ZGVudCIsImlkIjo0LCJleHAiOjE1OTUxOTExOTQuMTk2LCJpcCI6Ijo6MSIsInVhIjoiTW96aWxsYS81LjAgKFdpbmRvd3MgTlQgMTAuMDsgV2luNjQ7IHg2NCkgQXBwbGVXZWJLaXQvNTM3LjM2IChLSFRNTCwgbGlrZSBHZWNrbykgQ2hyb21lLzgzLjAuNDEwMy4xMDYgU2FmYXJpLzUzNy4zNiIsImlhdCI6MTU5MjUxMjc5NH0.FWMrtNjxjDdK771FriX4qATAf40RklZPrdxuRW12E5k', '2020-07-19 20:39:54', 1),
	(41, 4, '2020-06-18 22:40:06', 'eyJhbGciOiJIUzI1NiIsInR5cCI6IkpXVCJ9.eyJyb2xlIjoic3R1ZGVudCIsImlkIjo0LCJleHAiOjE1OTUxOTEyMDYuNDk4LCJpcCI6Ijo6MSIsInVhIjoiTW96aWxsYS81LjAgKFdpbmRvd3MgTlQgMTAuMDsgV2luNjQ7IHg2NCkgQXBwbGVXZWJLaXQvNTM3LjM2IChLSFRNTCwgbGlrZSBHZWNrbykgQ2hyb21lLzgzLjAuNDEwMy4xMDYgU2FmYXJpLzUzNy4zNiIsImlhdCI6MTU5MjUxMjgwNn0.WF7zRURbR5zWQgeLVOS_DHxUU0ZQbQ52Ev3hoQEdLoQ', '2020-07-19 20:40:06', 1),
	(42, 4, '2020-06-18 22:40:14', 'eyJhbGciOiJIUzI1NiIsInR5cCI6IkpXVCJ9.eyJyb2xlIjoic3R1ZGVudCIsImlkIjo0LCJleHAiOjE1OTUxOTEyMTQuNjY1LCJpcCI6Ijo6MSIsInVhIjoiTW96aWxsYS81LjAgKFdpbmRvd3MgTlQgMTAuMDsgV2luNjQ7IHg2NCkgQXBwbGVXZWJLaXQvNTM3LjM2IChLSFRNTCwgbGlrZSBHZWNrbykgQ2hyb21lLzgzLjAuNDEwMy4xMDYgU2FmYXJpLzUzNy4zNiIsImlhdCI6MTU5MjUxMjgxNH0.3k9tPWK4Eiz75mQIkiqrCvt7n9VaYRitZo5TY1Kf29o', '2020-07-19 20:40:14', 1),
	(43, 4, '2020-06-18 22:40:41', 'eyJhbGciOiJIUzI1NiIsInR5cCI6IkpXVCJ9.eyJyb2xlIjoic3R1ZGVudCIsImlkIjo0LCJleHAiOjE1OTUxOTEyNDEuNTE1LCJpcCI6Ijo6MSIsInVhIjoiTW96aWxsYS81LjAgKFdpbmRvd3MgTlQgMTAuMDsgV2luNjQ7IHg2NCkgQXBwbGVXZWJLaXQvNTM3LjM2IChLSFRNTCwgbGlrZSBHZWNrbykgQ2hyb21lLzgzLjAuNDEwMy4xMDYgU2FmYXJpLzUzNy4zNiIsImlhdCI6MTU5MjUxMjg0MX0.r_zFql1cEKdFMDVeO25vXNe9s-Hni7tiAXowHW6lxlg', '2020-07-19 20:40:41', 1),
	(44, 4, '2020-06-18 22:40:43', 'eyJhbGciOiJIUzI1NiIsInR5cCI6IkpXVCJ9.eyJyb2xlIjoic3R1ZGVudCIsImlkIjo0LCJleHAiOjE1OTUxOTEyNDMuNDY5LCJpcCI6Ijo6MSIsInVhIjoiTW96aWxsYS81LjAgKFdpbmRvd3MgTlQgMTAuMDsgV2luNjQ7IHg2NCkgQXBwbGVXZWJLaXQvNTM3LjM2IChLSFRNTCwgbGlrZSBHZWNrbykgQ2hyb21lLzgzLjAuNDEwMy4xMDYgU2FmYXJpLzUzNy4zNiIsImlhdCI6MTU5MjUxMjg0M30.9pWfuWdIImtKbD4mo9xd9C5RsHGVG3aqDBCoZ3Q6Ubg', '2020-07-19 20:40:43', 1),
	(45, 4, '2020-06-18 22:40:43', 'eyJhbGciOiJIUzI1NiIsInR5cCI6IkpXVCJ9.eyJyb2xlIjoic3R1ZGVudCIsImlkIjo0LCJleHAiOjE1OTUxOTEyNDMuNjQ0LCJpcCI6Ijo6MSIsInVhIjoiTW96aWxsYS81LjAgKFdpbmRvd3MgTlQgMTAuMDsgV2luNjQ7IHg2NCkgQXBwbGVXZWJLaXQvNTM3LjM2IChLSFRNTCwgbGlrZSBHZWNrbykgQ2hyb21lLzgzLjAuNDEwMy4xMDYgU2FmYXJpLzUzNy4zNiIsImlhdCI6MTU5MjUxMjg0M30.bCQvlsPdcXdJ0M1UHWYjKLFrdt4nykJxXAAYknKi__Y', '2020-07-19 20:40:43', 1),
	(46, 4, '2020-06-18 22:40:43', 'eyJhbGciOiJIUzI1NiIsInR5cCI6IkpXVCJ9.eyJyb2xlIjoic3R1ZGVudCIsImlkIjo0LCJleHAiOjE1OTUxOTEyNDMuODI3LCJpcCI6Ijo6MSIsInVhIjoiTW96aWxsYS81LjAgKFdpbmRvd3MgTlQgMTAuMDsgV2luNjQ7IHg2NCkgQXBwbGVXZWJLaXQvNTM3LjM2IChLSFRNTCwgbGlrZSBHZWNrbykgQ2hyb21lLzgzLjAuNDEwMy4xMDYgU2FmYXJpLzUzNy4zNiIsImlhdCI6MTU5MjUxMjg0M30.FJLLBRV83pu2YNrFgpGrK0oh3rsZ10FUXYYs0FdxLYY', '2020-07-19 20:40:43', 1),
	(47, 4, '2020-06-18 22:40:44', 'eyJhbGciOiJIUzI1NiIsInR5cCI6IkpXVCJ9.eyJyb2xlIjoic3R1ZGVudCIsImlkIjo0LCJleHAiOjE1OTUxOTEyNDQuMDUxLCJpcCI6Ijo6MSIsInVhIjoiTW96aWxsYS81LjAgKFdpbmRvd3MgTlQgMTAuMDsgV2luNjQ7IHg2NCkgQXBwbGVXZWJLaXQvNTM3LjM2IChLSFRNTCwgbGlrZSBHZWNrbykgQ2hyb21lLzgzLjAuNDEwMy4xMDYgU2FmYXJpLzUzNy4zNiIsImlhdCI6MTU5MjUxMjg0NH0.jKcEx86vaVRcrMFo35op8UHMiLZdRH-sup1y1KpCpW4', '2020-07-19 20:40:44', 1),
	(48, 4, '2020-06-18 22:40:44', 'eyJhbGciOiJIUzI1NiIsInR5cCI6IkpXVCJ9.eyJyb2xlIjoic3R1ZGVudCIsImlkIjo0LCJleHAiOjE1OTUxOTEyNDQuMjA5LCJpcCI6Ijo6MSIsInVhIjoiTW96aWxsYS81LjAgKFdpbmRvd3MgTlQgMTAuMDsgV2luNjQ7IHg2NCkgQXBwbGVXZWJLaXQvNTM3LjM2IChLSFRNTCwgbGlrZSBHZWNrbykgQ2hyb21lLzgzLjAuNDEwMy4xMDYgU2FmYXJpLzUzNy4zNiIsImlhdCI6MTU5MjUxMjg0NH0.jttB_L_GFnS8NyxYRdL9W0ehEMwM1tfUXSpOQiVs6m4', '2020-07-19 20:40:44', 1),
	(49, 4, '2020-06-18 22:40:44', 'eyJhbGciOiJIUzI1NiIsInR5cCI6IkpXVCJ9.eyJyb2xlIjoic3R1ZGVudCIsImlkIjo0LCJleHAiOjE1OTUxOTEyNDQuMzcxLCJpcCI6Ijo6MSIsInVhIjoiTW96aWxsYS81LjAgKFdpbmRvd3MgTlQgMTAuMDsgV2luNjQ7IHg2NCkgQXBwbGVXZWJLaXQvNTM3LjM2IChLSFRNTCwgbGlrZSBHZWNrbykgQ2hyb21lLzgzLjAuNDEwMy4xMDYgU2FmYXJpLzUzNy4zNiIsImlhdCI6MTU5MjUxMjg0NH0.VIuR0cOex5b9dEhKWiT5ZRIgPVI_DcFpkweEeAiVE_U', '2020-07-19 20:40:44', 1),
	(50, 4, '2020-06-18 22:40:44', 'eyJhbGciOiJIUzI1NiIsInR5cCI6IkpXVCJ9.eyJyb2xlIjoic3R1ZGVudCIsImlkIjo0LCJleHAiOjE1OTUxOTEyNDQuNTU3LCJpcCI6Ijo6MSIsInVhIjoiTW96aWxsYS81LjAgKFdpbmRvd3MgTlQgMTAuMDsgV2luNjQ7IHg2NCkgQXBwbGVXZWJLaXQvNTM3LjM2IChLSFRNTCwgbGlrZSBHZWNrbykgQ2hyb21lLzgzLjAuNDEwMy4xMDYgU2FmYXJpLzUzNy4zNiIsImlhdCI6MTU5MjUxMjg0NH0.fOnDwwgW8d2Wgk3Xwx3K8OXUVkUGcoaTmd9iFzzSW8A', '2020-07-19 20:40:44', 1),
	(51, 4, '2020-06-18 22:40:44', 'eyJhbGciOiJIUzI1NiIsInR5cCI6IkpXVCJ9.eyJyb2xlIjoic3R1ZGVudCIsImlkIjo0LCJleHAiOjE1OTUxOTEyNDQuNzYsImlwIjoiOjoxIiwidWEiOiJNb3ppbGxhLzUuMCAoV2luZG93cyBOVCAxMC4wOyBXaW42NDsgeDY0KSBBcHBsZVdlYktpdC81MzcuMzYgKEtIVE1MLCBsaWtlIEdlY2tvKSBDaHJvbWUvODMuMC40MTAzLjEwNiBTYWZhcmkvNTM3LjM2IiwiaWF0IjoxNTkyNTEyODQ0fQ.oUNanjIbgaYzW_RfnzbIDsqNKPu-GqyHT7jyI8YQYwo', '2020-07-19 20:40:44', 1),
	(52, 3, '2020-06-18 22:40:48', 'eyJhbGciOiJIUzI1NiIsInR5cCI6IkpXVCJ9.eyJyb2xlIjoic3R1ZGVudCIsImlkIjozLCJleHAiOjE1OTUxOTEyNDguNTcyLCJpcCI6Ijo6MSIsInVhIjoiTW96aWxsYS81LjAgKFdpbmRvd3MgTlQgMTAuMDsgV2luNjQ7IHg2NCkgQXBwbGVXZWJLaXQvNTM3LjM2IChLSFRNTCwgbGlrZSBHZWNrbykgQ2hyb21lLzgzLjAuNDEwMy4xMDYgU2FmYXJpLzUzNy4zNiIsImlhdCI6MTU5MjUxMjg0OH0.lnUqxjIIp-zWgyuxlHpLSWHdy1hk_yRQcTzcrij1RaU', '2020-07-19 20:40:48', 1),
	(53, 3, '2020-06-18 22:40:49', 'eyJhbGciOiJIUzI1NiIsInR5cCI6IkpXVCJ9.eyJyb2xlIjoic3R1ZGVudCIsImlkIjozLCJleHAiOjE1OTUxOTEyNDkuNjgzLCJpcCI6Ijo6MSIsInVhIjoiTW96aWxsYS81LjAgKFdpbmRvd3MgTlQgMTAuMDsgV2luNjQ7IHg2NCkgQXBwbGVXZWJLaXQvNTM3LjM2IChLSFRNTCwgbGlrZSBHZWNrbykgQ2hyb21lLzgzLjAuNDEwMy4xMDYgU2FmYXJpLzUzNy4zNiIsImlhdCI6MTU5MjUxMjg0OX0.lgBQCX-oJLJIVt8Z57qBE3tys8ffoOafdTalntJOPAQ', '2020-07-19 20:40:49', 1),
	(54, 3, '2020-06-18 22:40:50', 'eyJhbGciOiJIUzI1NiIsInR5cCI6IkpXVCJ9.eyJyb2xlIjoic3R1ZGVudCIsImlkIjozLCJleHAiOjE1OTUxOTEyNTAuMjgzLCJpcCI6Ijo6MSIsInVhIjoiTW96aWxsYS81LjAgKFdpbmRvd3MgTlQgMTAuMDsgV2luNjQ7IHg2NCkgQXBwbGVXZWJLaXQvNTM3LjM2IChLSFRNTCwgbGlrZSBHZWNrbykgQ2hyb21lLzgzLjAuNDEwMy4xMDYgU2FmYXJpLzUzNy4zNiIsImlhdCI6MTU5MjUxMjg1MH0.fBppdV4RPpgwZ2W9JaHKMOI502YUheJqkrHElhdzJpU', '2020-07-19 20:40:50', 1),
	(55, 3, '2020-06-18 22:40:50', 'eyJhbGciOiJIUzI1NiIsInR5cCI6IkpXVCJ9.eyJyb2xlIjoic3R1ZGVudCIsImlkIjozLCJleHAiOjE1OTUxOTEyNTAuNjIsImlwIjoiOjoxIiwidWEiOiJNb3ppbGxhLzUuMCAoV2luZG93cyBOVCAxMC4wOyBXaW42NDsgeDY0KSBBcHBsZVdlYktpdC81MzcuMzYgKEtIVE1MLCBsaWtlIEdlY2tvKSBDaHJvbWUvODMuMC40MTAzLjEwNiBTYWZhcmkvNTM3LjM2IiwiaWF0IjoxNTkyNTEyODUwfQ.cBsSiAunv9Gle1lrrnesGBxIKlMqF521mxMwzvG-bZc', '2020-07-19 20:40:50', 1),
	(56, 3, '2020-06-18 22:40:50', 'eyJhbGciOiJIUzI1NiIsInR5cCI6IkpXVCJ9.eyJyb2xlIjoic3R1ZGVudCIsImlkIjozLCJleHAiOjE1OTUxOTEyNTAuODI0LCJpcCI6Ijo6MSIsInVhIjoiTW96aWxsYS81LjAgKFdpbmRvd3MgTlQgMTAuMDsgV2luNjQ7IHg2NCkgQXBwbGVXZWJLaXQvNTM3LjM2IChLSFRNTCwgbGlrZSBHZWNrbykgQ2hyb21lLzgzLjAuNDEwMy4xMDYgU2FmYXJpLzUzNy4zNiIsImlhdCI6MTU5MjUxMjg1MH0.4Vg0rjee09HiU9hCGc_OJmq7RXeKTiu0Xyw_vgtl2pg', '2020-07-19 20:40:50', 1),
	(57, 3, '2020-06-18 22:40:51', 'eyJhbGciOiJIUzI1NiIsInR5cCI6IkpXVCJ9.eyJyb2xlIjoic3R1ZGVudCIsImlkIjozLCJleHAiOjE1OTUxOTEyNTEuMDMxLCJpcCI6Ijo6MSIsInVhIjoiTW96aWxsYS81LjAgKFdpbmRvd3MgTlQgMTAuMDsgV2luNjQ7IHg2NCkgQXBwbGVXZWJLaXQvNTM3LjM2IChLSFRNTCwgbGlrZSBHZWNrbykgQ2hyb21lLzgzLjAuNDEwMy4xMDYgU2FmYXJpLzUzNy4zNiIsImlhdCI6MTU5MjUxMjg1MX0.TbA-mFtuNI0qW548TK4pal1UfspXcljzV-nfTNPtyzM', '2020-07-19 20:40:51', 1),
	(58, 3, '2020-06-18 22:40:51', 'eyJhbGciOiJIUzI1NiIsInR5cCI6IkpXVCJ9.eyJyb2xlIjoic3R1ZGVudCIsImlkIjozLCJleHAiOjE1OTUxOTEyNTEuMjM3LCJpcCI6Ijo6MSIsInVhIjoiTW96aWxsYS81LjAgKFdpbmRvd3MgTlQgMTAuMDsgV2luNjQ7IHg2NCkgQXBwbGVXZWJLaXQvNTM3LjM2IChLSFRNTCwgbGlrZSBHZWNrbykgQ2hyb21lLzgzLjAuNDEwMy4xMDYgU2FmYXJpLzUzNy4zNiIsImlhdCI6MTU5MjUxMjg1MX0.yaHNwhpNgwn1etpS3FW6JxZZCWDgzPsTNkBQakUv3W0', '2020-07-19 20:40:51', 1),
	(59, 3, '2020-06-18 22:40:51', 'eyJhbGciOiJIUzI1NiIsInR5cCI6IkpXVCJ9.eyJyb2xlIjoic3R1ZGVudCIsImlkIjozLCJleHAiOjE1OTUxOTEyNTEuNDQzLCJpcCI6Ijo6MSIsInVhIjoiTW96aWxsYS81LjAgKFdpbmRvd3MgTlQgMTAuMDsgV2luNjQ7IHg2NCkgQXBwbGVXZWJLaXQvNTM3LjM2IChLSFRNTCwgbGlrZSBHZWNrbykgQ2hyb21lLzgzLjAuNDEwMy4xMDYgU2FmYXJpLzUzNy4zNiIsImlhdCI6MTU5MjUxMjg1MX0.zERXFtR5NU8Er2WdksiKdcEOafhyG5m9rkhqiWy8X9Q', '2020-07-19 20:40:51', 1),
	(60, 3, '2020-06-19 18:32:10', 'eyJhbGciOiJIUzI1NiIsInR5cCI6IkpXVCJ9.eyJyb2xlIjoic3R1ZGVudCIsImlkIjozLCJleHAiOjE1OTUyNjI3MzAuMzk3LCJpcCI6Ijo6MSIsInVhIjoiTW96aWxsYS81LjAgKFdpbmRvd3MgTlQgMTAuMDsgV2luNjQ7IHg2NCkgQXBwbGVXZWJLaXQvNTM3LjM2IChLSFRNTCwgbGlrZSBHZWNrbykgQ2hyb21lLzgzLjAuNDEwMy4xMDYgU2FmYXJpLzUzNy4zNiIsImlhdCI6MTU5MjU4NDMzMH0.U-ivlRKWQ_kVmDyS0fPItgrCdahTMTJ5rVPBBTVmKpk', '2020-07-20 16:32:10', 1),
	(61, 3, '2020-06-19 18:32:14', 'eyJhbGciOiJIUzI1NiIsInR5cCI6IkpXVCJ9.eyJyb2xlIjoic3R1ZGVudCIsImlkIjozLCJleHAiOjE1OTUyNjI3MzQuNTgyLCJpcCI6Ijo6MSIsInVhIjoiTW96aWxsYS81LjAgKFdpbmRvd3MgTlQgMTAuMDsgV2luNjQ7IHg2NCkgQXBwbGVXZWJLaXQvNTM3LjM2IChLSFRNTCwgbGlrZSBHZWNrbykgQ2hyb21lLzgzLjAuNDEwMy4xMDYgU2FmYXJpLzUzNy4zNiIsImlhdCI6MTU5MjU4NDMzNH0.vX0QqKMJv1Q-yvDBzpsfW5gM-09BbU9rSuSjhqys7No', '2020-07-20 16:32:14', 1),
	(62, 3, '2020-06-19 18:32:16', 'eyJhbGciOiJIUzI1NiIsInR5cCI6IkpXVCJ9.eyJyb2xlIjoic3R1ZGVudCIsImlkIjozLCJleHAiOjE1OTUyNjI3MzYuMjcsImlwIjoiOjoxIiwidWEiOiJNb3ppbGxhLzUuMCAoV2luZG93cyBOVCAxMC4wOyBXaW42NDsgeDY0KSBBcHBsZVdlYktpdC81MzcuMzYgKEtIVE1MLCBsaWtlIEdlY2tvKSBDaHJvbWUvODMuMC40MTAzLjEwNiBTYWZhcmkvNTM3LjM2IiwiaWF0IjoxNTkyNTg0MzM2fQ.c2i-py8qKcwUMgT8LwNoLyzwlxTUWExc2D3KOI0TfsM', '2020-07-20 16:32:16', 1),
	(63, 3, '2020-06-19 18:32:16', 'eyJhbGciOiJIUzI1NiIsInR5cCI6IkpXVCJ9.eyJyb2xlIjoic3R1ZGVudCIsImlkIjozLCJleHAiOjE1OTUyNjI3MzYuNDQyLCJpcCI6Ijo6MSIsInVhIjoiTW96aWxsYS81LjAgKFdpbmRvd3MgTlQgMTAuMDsgV2luNjQ7IHg2NCkgQXBwbGVXZWJLaXQvNTM3LjM2IChLSFRNTCwgbGlrZSBHZWNrbykgQ2hyb21lLzgzLjAuNDEwMy4xMDYgU2FmYXJpLzUzNy4zNiIsImlhdCI6MTU5MjU4NDMzNn0._d4mq8FENdwESKNmmJFgece_pZhwv16XmuqIoOGlDzI', '2020-07-20 16:32:16', 1),
	(64, 3, '2020-06-19 18:32:16', 'eyJhbGciOiJIUzI1NiIsInR5cCI6IkpXVCJ9.eyJyb2xlIjoic3R1ZGVudCIsImlkIjozLCJleHAiOjE1OTUyNjI3MzYuNjI2LCJpcCI6Ijo6MSIsInVhIjoiTW96aWxsYS81LjAgKFdpbmRvd3MgTlQgMTAuMDsgV2luNjQ7IHg2NCkgQXBwbGVXZWJLaXQvNTM3LjM2IChLSFRNTCwgbGlrZSBHZWNrbykgQ2hyb21lLzgzLjAuNDEwMy4xMDYgU2FmYXJpLzUzNy4zNiIsImlhdCI6MTU5MjU4NDMzNn0.wydAOwsgNUyvJqDkLFdFWHOmy0tnD2Du644or7VbqsY', '2020-07-20 16:32:16', 1),
	(65, 3, '2020-06-19 18:32:38', 'eyJhbGciOiJIUzI1NiIsInR5cCI6IkpXVCJ9.eyJyb2xlIjoic3R1ZGVudCIsImlkIjozLCJleHAiOjE1OTUyNjI3NTguMTI4LCJpcCI6Ijo6MSIsInVhIjoiTW96aWxsYS81LjAgKFdpbmRvd3MgTlQgMTAuMDsgV2luNjQ7IHg2NCkgQXBwbGVXZWJLaXQvNTM3LjM2IChLSFRNTCwgbGlrZSBHZWNrbykgQ2hyb21lLzgzLjAuNDEwMy4xMDYgU2FmYXJpLzUzNy4zNiIsImlhdCI6MTU5MjU4NDM1OH0.16RKyGayJ1xo3LKKckyOjbWk-r1ZigDCk9HaX3xDfz8', '2020-07-20 16:32:38', 1),
	(66, 3, '2020-06-19 18:32:38', 'eyJhbGciOiJIUzI1NiIsInR5cCI6IkpXVCJ9.eyJyb2xlIjoic3R1ZGVudCIsImlkIjozLCJleHAiOjE1OTUyNjI3NTguNzY0LCJpcCI6Ijo6MSIsInVhIjoiTW96aWxsYS81LjAgKFdpbmRvd3MgTlQgMTAuMDsgV2luNjQ7IHg2NCkgQXBwbGVXZWJLaXQvNTM3LjM2IChLSFRNTCwgbGlrZSBHZWNrbykgQ2hyb21lLzgzLjAuNDEwMy4xMDYgU2FmYXJpLzUzNy4zNiIsImlhdCI6MTU5MjU4NDM1OH0.JW55NuGa2swm_jTYIbjn4EQ7L1KXM17OS6mMwO0HQx4', '2020-07-20 16:32:38', 1),
	(67, 3, '2020-06-19 18:32:39', 'eyJhbGciOiJIUzI1NiIsInR5cCI6IkpXVCJ9.eyJyb2xlIjoic3R1ZGVudCIsImlkIjozLCJleHAiOjE1OTUyNjI3NTkuMTMxLCJpcCI6Ijo6MSIsInVhIjoiTW96aWxsYS81LjAgKFdpbmRvd3MgTlQgMTAuMDsgV2luNjQ7IHg2NCkgQXBwbGVXZWJLaXQvNTM3LjM2IChLSFRNTCwgbGlrZSBHZWNrbykgQ2hyb21lLzgzLjAuNDEwMy4xMDYgU2FmYXJpLzUzNy4zNiIsImlhdCI6MTU5MjU4NDM1OX0.7X7Lr3PQrkJ28JJEN5MispDxyyTBgUMapOWRkGknMdI', '2020-07-20 16:32:39', 1),
	(68, 3, '2020-06-19 18:32:39', 'eyJhbGciOiJIUzI1NiIsInR5cCI6IkpXVCJ9.eyJyb2xlIjoic3R1ZGVudCIsImlkIjozLCJleHAiOjE1OTUyNjI3NTkuMzM0LCJpcCI6Ijo6MSIsInVhIjoiTW96aWxsYS81LjAgKFdpbmRvd3MgTlQgMTAuMDsgV2luNjQ7IHg2NCkgQXBwbGVXZWJLaXQvNTM3LjM2IChLSFRNTCwgbGlrZSBHZWNrbykgQ2hyb21lLzgzLjAuNDEwMy4xMDYgU2FmYXJpLzUzNy4zNiIsImlhdCI6MTU5MjU4NDM1OX0.wDQUJFJdgHV06G-tBdeFitMzFtlW0jc2RchAkpf72AQ', '2020-07-20 16:32:39', 1),
	(69, 3, '2020-06-19 18:32:54', 'eyJhbGciOiJIUzI1NiIsInR5cCI6IkpXVCJ9.eyJyb2xlIjoic3R1ZGVudCIsImlkIjozLCJleHAiOjE1OTUyNjI3NzQuMzgsImlwIjoiOjoxIiwidWEiOiJNb3ppbGxhLzUuMCAoV2luZG93cyBOVCAxMC4wOyBXaW42NDsgeDY0KSBBcHBsZVdlYktpdC81MzcuMzYgKEtIVE1MLCBsaWtlIEdlY2tvKSBDaHJvbWUvODMuMC40MTAzLjEwNiBTYWZhcmkvNTM3LjM2IiwiaWF0IjoxNTkyNTg0Mzc0fQ.ZilYNE8TjAyK2V0EWVClBkfgxsyhq_qMlvTv34Gr9mo', '2020-07-20 16:32:54', 1),
	(70, 3, '2020-06-19 18:32:54', 'eyJhbGciOiJIUzI1NiIsInR5cCI6IkpXVCJ9.eyJyb2xlIjoic3R1ZGVudCIsImlkIjozLCJleHAiOjE1OTUyNjI3NzQuNTUsImlwIjoiOjoxIiwidWEiOiJNb3ppbGxhLzUuMCAoV2luZG93cyBOVCAxMC4wOyBXaW42NDsgeDY0KSBBcHBsZVdlYktpdC81MzcuMzYgKEtIVE1MLCBsaWtlIEdlY2tvKSBDaHJvbWUvODMuMC40MTAzLjEwNiBTYWZhcmkvNTM3LjM2IiwiaWF0IjoxNTkyNTg0Mzc0fQ.Ac8-x-HJR4erRZPHIFSVmWYIj1mTcmNK1OPwak5AY-E', '2020-07-20 16:32:54', 1),
	(71, 3, '2020-06-19 18:32:54', 'eyJhbGciOiJIUzI1NiIsInR5cCI6IkpXVCJ9.eyJyb2xlIjoic3R1ZGVudCIsImlkIjozLCJleHAiOjE1OTUyNjI3NzQuNzQ2LCJpcCI6Ijo6MSIsInVhIjoiTW96aWxsYS81LjAgKFdpbmRvd3MgTlQgMTAuMDsgV2luNjQ7IHg2NCkgQXBwbGVXZWJLaXQvNTM3LjM2IChLSFRNTCwgbGlrZSBHZWNrbykgQ2hyb21lLzgzLjAuNDEwMy4xMDYgU2FmYXJpLzUzNy4zNiIsImlhdCI6MTU5MjU4NDM3NH0.Vh7ZE0QJ-WrahzW45RsCxBkrXaQtzIKZzVyYBPlG9Bg', '2020-07-20 16:32:54', 1),
	(72, 3, '2020-06-19 18:32:54', 'eyJhbGciOiJIUzI1NiIsInR5cCI6IkpXVCJ9.eyJyb2xlIjoic3R1ZGVudCIsImlkIjozLCJleHAiOjE1OTUyNjI3NzQuOTE4LCJpcCI6Ijo6MSIsInVhIjoiTW96aWxsYS81LjAgKFdpbmRvd3MgTlQgMTAuMDsgV2luNjQ7IHg2NCkgQXBwbGVXZWJLaXQvNTM3LjM2IChLSFRNTCwgbGlrZSBHZWNrbykgQ2hyb21lLzgzLjAuNDEwMy4xMDYgU2FmYXJpLzUzNy4zNiIsImlhdCI6MTU5MjU4NDM3NH0.tyVqH0LJvysXHbysxiEZqJTCBRrOtczc9wxbVxYwzIk', '2020-07-20 16:32:54', 1),
	(73, 3, '2020-06-19 18:32:55', 'eyJhbGciOiJIUzI1NiIsInR5cCI6IkpXVCJ9.eyJyb2xlIjoic3R1ZGVudCIsImlkIjozLCJleHAiOjE1OTUyNjI3NzUuMDgxLCJpcCI6Ijo6MSIsInVhIjoiTW96aWxsYS81LjAgKFdpbmRvd3MgTlQgMTAuMDsgV2luNjQ7IHg2NCkgQXBwbGVXZWJLaXQvNTM3LjM2IChLSFRNTCwgbGlrZSBHZWNrbykgQ2hyb21lLzgzLjAuNDEwMy4xMDYgU2FmYXJpLzUzNy4zNiIsImlhdCI6MTU5MjU4NDM3NX0.gLVG7GlBW9V_93sEmRxaSTqGYbTPTXkur2KVry8h_Ps', '2020-07-20 16:32:55', 1),
	(74, 3, '2020-06-19 18:32:55', 'eyJhbGciOiJIUzI1NiIsInR5cCI6IkpXVCJ9.eyJyb2xlIjoic3R1ZGVudCIsImlkIjozLCJleHAiOjE1OTUyNjI3NzUuMjU5LCJpcCI6Ijo6MSIsInVhIjoiTW96aWxsYS81LjAgKFdpbmRvd3MgTlQgMTAuMDsgV2luNjQ7IHg2NCkgQXBwbGVXZWJLaXQvNTM3LjM2IChLSFRNTCwgbGlrZSBHZWNrbykgQ2hyb21lLzgzLjAuNDEwMy4xMDYgU2FmYXJpLzUzNy4zNiIsImlhdCI6MTU5MjU4NDM3NX0.qTjKsYcFbqAnQQ3znWBXjGhaJwQ_IPNq_KB7OJt7f-Q', '2020-07-20 16:32:55', 1),
	(75, 3, '2020-06-19 18:32:55', 'eyJhbGciOiJIUzI1NiIsInR5cCI6IkpXVCJ9.eyJyb2xlIjoic3R1ZGVudCIsImlkIjozLCJleHAiOjE1OTUyNjI3NzUuNDAzLCJpcCI6Ijo6MSIsInVhIjoiTW96aWxsYS81LjAgKFdpbmRvd3MgTlQgMTAuMDsgV2luNjQ7IHg2NCkgQXBwbGVXZWJLaXQvNTM3LjM2IChLSFRNTCwgbGlrZSBHZWNrbykgQ2hyb21lLzgzLjAuNDEwMy4xMDYgU2FmYXJpLzUzNy4zNiIsImlhdCI6MTU5MjU4NDM3NX0.r_Rx_qfZaygn2wuI5lukPVe7oAjMPZw7UcJXbJfyanc', '2020-07-20 16:32:55', 1),
	(76, 3, '2020-06-19 18:32:56', 'eyJhbGciOiJIUzI1NiIsInR5cCI6IkpXVCJ9.eyJyb2xlIjoic3R1ZGVudCIsImlkIjozLCJleHAiOjE1OTUyNjI3NzYuMjQ5LCJpcCI6Ijo6MSIsInVhIjoiTW96aWxsYS81LjAgKFdpbmRvd3MgTlQgMTAuMDsgV2luNjQ7IHg2NCkgQXBwbGVXZWJLaXQvNTM3LjM2IChLSFRNTCwgbGlrZSBHZWNrbykgQ2hyb21lLzgzLjAuNDEwMy4xMDYgU2FmYXJpLzUzNy4zNiIsImlhdCI6MTU5MjU4NDM3Nn0.i8QLUpAwIKp15_tk9rbRKiOqyZWM9mSJiAakG1inQu0', '2020-07-20 16:32:56', 1),
	(77, 3, '2020-06-19 18:32:56', 'eyJhbGciOiJIUzI1NiIsInR5cCI6IkpXVCJ9.eyJyb2xlIjoic3R1ZGVudCIsImlkIjozLCJleHAiOjE1OTUyNjI3NzYuNDA2LCJpcCI6Ijo6MSIsInVhIjoiTW96aWxsYS81LjAgKFdpbmRvd3MgTlQgMTAuMDsgV2luNjQ7IHg2NCkgQXBwbGVXZWJLaXQvNTM3LjM2IChLSFRNTCwgbGlrZSBHZWNrbykgQ2hyb21lLzgzLjAuNDEwMy4xMDYgU2FmYXJpLzUzNy4zNiIsImlhdCI6MTU5MjU4NDM3Nn0.zCgMZuJ-CHbEbWjWv9jjqyk9nPkf4SoWwOqC75lYgPg', '2020-07-20 16:32:56', 1),
	(78, 3, '2020-06-19 18:32:56', 'eyJhbGciOiJIUzI1NiIsInR5cCI6IkpXVCJ9.eyJyb2xlIjoic3R1ZGVudCIsImlkIjozLCJleHAiOjE1OTUyNjI3NzYuNTc1LCJpcCI6Ijo6MSIsInVhIjoiTW96aWxsYS81LjAgKFdpbmRvd3MgTlQgMTAuMDsgV2luNjQ7IHg2NCkgQXBwbGVXZWJLaXQvNTM3LjM2IChLSFRNTCwgbGlrZSBHZWNrbykgQ2hyb21lLzgzLjAuNDEwMy4xMDYgU2FmYXJpLzUzNy4zNiIsImlhdCI6MTU5MjU4NDM3Nn0.le4wM-hpSlfar3OVd7yFsd7XcFDFMvcjEhQo0rjfuWk', '2020-07-20 16:32:56', 1),
	(79, 3, '2020-06-19 18:32:56', 'eyJhbGciOiJIUzI1NiIsInR5cCI6IkpXVCJ9.eyJyb2xlIjoic3R1ZGVudCIsImlkIjozLCJleHAiOjE1OTUyNjI3NzYuNzY0LCJpcCI6Ijo6MSIsInVhIjoiTW96aWxsYS81LjAgKFdpbmRvd3MgTlQgMTAuMDsgV2luNjQ7IHg2NCkgQXBwbGVXZWJLaXQvNTM3LjM2IChLSFRNTCwgbGlrZSBHZWNrbykgQ2hyb21lLzgzLjAuNDEwMy4xMDYgU2FmYXJpLzUzNy4zNiIsImlhdCI6MTU5MjU4NDM3Nn0.6vR1K8MauyOg2WPAEYYN2sbrWGsM9jLuIDHR-TLx2rY', '2020-07-20 16:32:56', 1),
	(80, 3, '2020-06-19 18:33:01', 'eyJhbGciOiJIUzI1NiIsInR5cCI6IkpXVCJ9.eyJyb2xlIjoic3R1ZGVudCIsImlkIjozLCJleHAiOjE1OTUyNjI3ODEuMDE2LCJpcCI6Ijo6MSIsInVhIjoiTW96aWxsYS81LjAgKFdpbmRvd3MgTlQgMTAuMDsgV2luNjQ7IHg2NCkgQXBwbGVXZWJLaXQvNTM3LjM2IChLSFRNTCwgbGlrZSBHZWNrbykgQ2hyb21lLzgzLjAuNDEwMy4xMDYgU2FmYXJpLzUzNy4zNiIsImlhdCI6MTU5MjU4NDM4MX0.c6miq_YMcgsI2O0luVp9Zb530Hlovo2GpY9jwhAXYxw', '2020-07-20 16:33:01', 1),
	(81, 3, '2020-06-19 18:33:03', 'eyJhbGciOiJIUzI1NiIsInR5cCI6IkpXVCJ9.eyJyb2xlIjoic3R1ZGVudCIsImlkIjozLCJleHAiOjE1OTUyNjI3ODMuMjIyLCJpcCI6Ijo6MSIsInVhIjoiTW96aWxsYS81LjAgKFdpbmRvd3MgTlQgMTAuMDsgV2luNjQ7IHg2NCkgQXBwbGVXZWJLaXQvNTM3LjM2IChLSFRNTCwgbGlrZSBHZWNrbykgQ2hyb21lLzgzLjAuNDEwMy4xMDYgU2FmYXJpLzUzNy4zNiIsImlhdCI6MTU5MjU4NDM4M30.HfMEBLeaWCWeIlyIKR-CF6gnxHsooVVzb6nyT0R0WAM', '2020-07-20 16:33:03', 1),
	(82, 3, '2020-06-19 18:33:04', 'eyJhbGciOiJIUzI1NiIsInR5cCI6IkpXVCJ9.eyJyb2xlIjoic3R1ZGVudCIsImlkIjozLCJleHAiOjE1OTUyNjI3ODQuNDA1LCJpcCI6Ijo6MSIsInVhIjoiTW96aWxsYS81LjAgKFdpbmRvd3MgTlQgMTAuMDsgV2luNjQ7IHg2NCkgQXBwbGVXZWJLaXQvNTM3LjM2IChLSFRNTCwgbGlrZSBHZWNrbykgQ2hyb21lLzgzLjAuNDEwMy4xMDYgU2FmYXJpLzUzNy4zNiIsImlhdCI6MTU5MjU4NDM4NH0.O15Ho71g0tuCeymOfpa5PF_V3OlSEkJu4bR-5eWt4is', '2020-07-20 16:33:04', 1),
	(83, 3, '2020-06-19 18:33:09', 'eyJhbGciOiJIUzI1NiIsInR5cCI6IkpXVCJ9.eyJyb2xlIjoic3R1ZGVudCIsImlkIjozLCJleHAiOjE1OTUyNjI3ODkuNTE0LCJpcCI6Ijo6MSIsInVhIjoiTW96aWxsYS81LjAgKFdpbmRvd3MgTlQgMTAuMDsgV2luNjQ7IHg2NCkgQXBwbGVXZWJLaXQvNTM3LjM2IChLSFRNTCwgbGlrZSBHZWNrbykgQ2hyb21lLzgzLjAuNDEwMy4xMDYgU2FmYXJpLzUzNy4zNiIsImlhdCI6MTU5MjU4NDM4OX0.yAekV1SAtpvTffyTwAIXDVEMjzKlcGSG921eiY-e_dE', '2020-07-20 16:33:09', 1),
	(84, 3, '2020-06-19 18:33:10', 'eyJhbGciOiJIUzI1NiIsInR5cCI6IkpXVCJ9.eyJyb2xlIjoic3R1ZGVudCIsImlkIjozLCJleHAiOjE1OTUyNjI3OTAuNDIxLCJpcCI6Ijo6MSIsInVhIjoiTW96aWxsYS81LjAgKFdpbmRvd3MgTlQgMTAuMDsgV2luNjQ7IHg2NCkgQXBwbGVXZWJLaXQvNTM3LjM2IChLSFRNTCwgbGlrZSBHZWNrbykgQ2hyb21lLzgzLjAuNDEwMy4xMDYgU2FmYXJpLzUzNy4zNiIsImlhdCI6MTU5MjU4NDM5MH0.fPLaX9bmgCsSjFR_BMVa2Wy6QJ267NB8k2Phk81ELEI', '2020-07-20 16:33:10', 1),
	(85, 3, '2020-06-19 18:33:12', 'eyJhbGciOiJIUzI1NiIsInR5cCI6IkpXVCJ9.eyJyb2xlIjoic3R1ZGVudCIsImlkIjozLCJleHAiOjE1OTUyNjI3OTIuNjc5LCJpcCI6Ijo6MSIsInVhIjoiTW96aWxsYS81LjAgKFdpbmRvd3MgTlQgMTAuMDsgV2luNjQ7IHg2NCkgQXBwbGVXZWJLaXQvNTM3LjM2IChLSFRNTCwgbGlrZSBHZWNrbykgQ2hyb21lLzgzLjAuNDEwMy4xMDYgU2FmYXJpLzUzNy4zNiIsImlhdCI6MTU5MjU4NDM5Mn0.FD0fnd4MMIwHY85gvWvsVqzueroN8n14OFeMvBXOy84', '2020-07-20 16:33:12', 1),
	(86, 3, '2020-06-19 18:33:16', 'eyJhbGciOiJIUzI1NiIsInR5cCI6IkpXVCJ9.eyJyb2xlIjoic3R1ZGVudCIsImlkIjozLCJleHAiOjE1OTUyNjI3OTYuOTkxLCJpcCI6Ijo6MSIsInVhIjoiTW96aWxsYS81LjAgKFdpbmRvd3MgTlQgMTAuMDsgV2luNjQ7IHg2NCkgQXBwbGVXZWJLaXQvNTM3LjM2IChLSFRNTCwgbGlrZSBHZWNrbykgQ2hyb21lLzgzLjAuNDEwMy4xMDYgU2FmYXJpLzUzNy4zNiIsImlhdCI6MTU5MjU4NDM5Nn0.DlKNZFsWoktNny-dZPr4-ANOJHjyJslOo6hHnkzjYDM', '2020-07-20 16:33:16', 1),
	(87, 3, '2020-06-19 18:33:17', 'eyJhbGciOiJIUzI1NiIsInR5cCI6IkpXVCJ9.eyJyb2xlIjoic3R1ZGVudCIsImlkIjozLCJleHAiOjE1OTUyNjI3OTcuNTY2LCJpcCI6Ijo6MSIsInVhIjoiTW96aWxsYS81LjAgKFdpbmRvd3MgTlQgMTAuMDsgV2luNjQ7IHg2NCkgQXBwbGVXZWJLaXQvNTM3LjM2IChLSFRNTCwgbGlrZSBHZWNrbykgQ2hyb21lLzgzLjAuNDEwMy4xMDYgU2FmYXJpLzUzNy4zNiIsImlhdCI6MTU5MjU4NDM5N30.SRpMbrCNoxK7L_1wi-ZU29dj5jihphXV-jE2HB-TG6c', '2020-07-20 16:33:17', 1),
	(88, 3, '2020-06-19 18:33:17', 'eyJhbGciOiJIUzI1NiIsInR5cCI6IkpXVCJ9.eyJyb2xlIjoic3R1ZGVudCIsImlkIjozLCJleHAiOjE1OTUyNjI3OTcuNzU4LCJpcCI6Ijo6MSIsInVhIjoiTW96aWxsYS81LjAgKFdpbmRvd3MgTlQgMTAuMDsgV2luNjQ7IHg2NCkgQXBwbGVXZWJLaXQvNTM3LjM2IChLSFRNTCwgbGlrZSBHZWNrbykgQ2hyb21lLzgzLjAuNDEwMy4xMDYgU2FmYXJpLzUzNy4zNiIsImlhdCI6MTU5MjU4NDM5N30.ZCjEQJMJw7ra7nitYLkEHvhibIaRHSJguy1RhpINlks', '2020-07-20 16:33:17', 1),
	(89, 3, '2020-06-19 18:33:17', 'eyJhbGciOiJIUzI1NiIsInR5cCI6IkpXVCJ9.eyJyb2xlIjoic3R1ZGVudCIsImlkIjozLCJleHAiOjE1OTUyNjI3OTcuOTMxLCJpcCI6Ijo6MSIsInVhIjoiTW96aWxsYS81LjAgKFdpbmRvd3MgTlQgMTAuMDsgV2luNjQ7IHg2NCkgQXBwbGVXZWJLaXQvNTM3LjM2IChLSFRNTCwgbGlrZSBHZWNrbykgQ2hyb21lLzgzLjAuNDEwMy4xMDYgU2FmYXJpLzUzNy4zNiIsImlhdCI6MTU5MjU4NDM5N30.qmnAcQPTfpSA4aqyGAr2jLqPsZneaBBp-Zk6mtivoQQ', '2020-07-20 16:33:17', 1),
	(90, 3, '2020-06-19 18:33:18', 'eyJhbGciOiJIUzI1NiIsInR5cCI6IkpXVCJ9.eyJyb2xlIjoic3R1ZGVudCIsImlkIjozLCJleHAiOjE1OTUyNjI3OTguMTA2LCJpcCI6Ijo6MSIsInVhIjoiTW96aWxsYS81LjAgKFdpbmRvd3MgTlQgMTAuMDsgV2luNjQ7IHg2NCkgQXBwbGVXZWJLaXQvNTM3LjM2IChLSFRNTCwgbGlrZSBHZWNrbykgQ2hyb21lLzgzLjAuNDEwMy4xMDYgU2FmYXJpLzUzNy4zNiIsImlhdCI6MTU5MjU4NDM5OH0.pF9Q9m4iX2aUKZZ_Mq_7TVYVGUIsHE2DhldIj8Vkakw', '2020-07-20 16:33:18', 1),
	(91, 3, '2020-06-19 18:33:18', 'eyJhbGciOiJIUzI1NiIsInR5cCI6IkpXVCJ9.eyJyb2xlIjoic3R1ZGVudCIsImlkIjozLCJleHAiOjE1OTUyNjI3OTguMjg0LCJpcCI6Ijo6MSIsInVhIjoiTW96aWxsYS81LjAgKFdpbmRvd3MgTlQgMTAuMDsgV2luNjQ7IHg2NCkgQXBwbGVXZWJLaXQvNTM3LjM2IChLSFRNTCwgbGlrZSBHZWNrbykgQ2hyb21lLzgzLjAuNDEwMy4xMDYgU2FmYXJpLzUzNy4zNiIsImlhdCI6MTU5MjU4NDM5OH0.L_cVwwziGjsWSdAR9rN3naPJl4NfaxaESU83GAvVqBQ', '2020-07-20 16:33:18', 1),
	(92, 3, '2020-06-19 18:36:17', 'eyJhbGciOiJIUzI1NiIsInR5cCI6IkpXVCJ9.eyJyb2xlIjoic3R1ZGVudCIsImlkIjozLCJleHAiOjE1OTUyNjI5NzcuODU3LCJpcCI6Ijo6MSIsInVhIjoiTW96aWxsYS81LjAgKFdpbmRvd3MgTlQgMTAuMDsgV2luNjQ7IHg2NCkgQXBwbGVXZWJLaXQvNTM3LjM2IChLSFRNTCwgbGlrZSBHZWNrbykgQ2hyb21lLzgzLjAuNDEwMy4xMDYgU2FmYXJpLzUzNy4zNiIsImlhdCI6MTU5MjU4NDU3N30.Urp8YX3dbmYjcbteSWn7Fb3MGRlo7wM1bq-Q3JQnzdM', '2020-07-20 16:36:17', 1),
	(93, 3, '2020-06-19 18:36:20', 'eyJhbGciOiJIUzI1NiIsInR5cCI6IkpXVCJ9.eyJyb2xlIjoic3R1ZGVudCIsImlkIjozLCJleHAiOjE1OTUyNjI5ODAuODMxLCJpcCI6Ijo6MSIsInVhIjoiTW96aWxsYS81LjAgKFdpbmRvd3MgTlQgMTAuMDsgV2luNjQ7IHg2NCkgQXBwbGVXZWJLaXQvNTM3LjM2IChLSFRNTCwgbGlrZSBHZWNrbykgQ2hyb21lLzgzLjAuNDEwMy4xMDYgU2FmYXJpLzUzNy4zNiIsImlhdCI6MTU5MjU4NDU4MH0.gJoD8eUQW9G7x4YTAwD10HhV6V3RwPK7o0XJzObJglk', '2020-07-20 16:36:20', 1),
	(94, 3, '2020-06-19 18:38:30', 'eyJhbGciOiJIUzI1NiIsInR5cCI6IkpXVCJ9.eyJyb2xlIjoic3R1ZGVudCIsImlkIjozLCJleHAiOjE1OTUyNjMxMTAuMjUsImlwIjoiOjoxIiwidWEiOiJNb3ppbGxhLzUuMCAoV2luZG93cyBOVCAxMC4wOyBXaW42NDsgeDY0KSBBcHBsZVdlYktpdC81MzcuMzYgKEtIVE1MLCBsaWtlIEdlY2tvKSBDaHJvbWUvODMuMC40MTAzLjEwNiBTYWZhcmkvNTM3LjM2IiwiaWF0IjoxNTkyNTg0NzEwfQ.mPIbK__QDlOcVc1SiGQBrkNrIrdLM8Z5T3lnYOUBJKg', '2020-07-20 16:38:30', 1),
	(95, 3, '2020-06-19 18:38:32', 'eyJhbGciOiJIUzI1NiIsInR5cCI6IkpXVCJ9.eyJyb2xlIjoic3R1ZGVudCIsImlkIjozLCJleHAiOjE1OTUyNjMxMTIuNTk1LCJpcCI6Ijo6MSIsInVhIjoiTW96aWxsYS81LjAgKFdpbmRvd3MgTlQgMTAuMDsgV2luNjQ7IHg2NCkgQXBwbGVXZWJLaXQvNTM3LjM2IChLSFRNTCwgbGlrZSBHZWNrbykgQ2hyb21lLzgzLjAuNDEwMy4xMDYgU2FmYXJpLzUzNy4zNiIsImlhdCI6MTU5MjU4NDcxMn0.eZ9jZLYpt8oCieAyWTHRyMJK-CFk2eDAv7Ht7EabFv8', '2020-07-20 16:38:32', 1),
	(96, 3, '2020-06-19 22:25:47', 'eyJhbGciOiJIUzI1NiIsInR5cCI6IkpXVCJ9.eyJyb2xlIjoic3R1ZGVudCIsImlkIjozLCJleHAiOjE1OTUyNzY3NDcuMzc3LCJpcCI6Ijo6MSIsInVhIjoiTW96aWxsYS81LjAgKFdpbmRvd3MgTlQgMTAuMDsgV2luNjQ7IHg2NCkgQXBwbGVXZWJLaXQvNTM3LjM2IChLSFRNTCwgbGlrZSBHZWNrbykgQ2hyb21lLzgzLjAuNDEwMy4xMDYgU2FmYXJpLzUzNy4zNiIsImlhdCI6MTU5MjU5ODM0N30.moBRipHkB-96xHQa2MUSzD1VoPJb4QCfIvpBiFf--5A', '2020-07-20 20:25:47', 1),
	(97, 3, '2020-06-19 22:26:55', 'eyJhbGciOiJIUzI1NiIsInR5cCI6IkpXVCJ9.eyJyb2xlIjoic3R1ZGVudCIsImlkIjozLCJleHAiOjE1OTUyNzY4MTUuOTYyLCJpcCI6Ijo6MSIsInVhIjoiTW96aWxsYS81LjAgKFdpbmRvd3MgTlQgMTAuMDsgV2luNjQ7IHg2NCkgQXBwbGVXZWJLaXQvNTM3LjM2IChLSFRNTCwgbGlrZSBHZWNrbykgQ2hyb21lLzgzLjAuNDEwMy4xMDYgU2FmYXJpLzUzNy4zNiIsImlhdCI6MTU5MjU5ODQxNX0.SORLGxbhdvU_UJeP1hr7wL5Yyiy_-8X-ZQAOnXKk5dw', '2020-07-20 20:26:55', 1),
	(98, 4, '2020-06-19 22:27:04', 'eyJhbGciOiJIUzI1NiIsInR5cCI6IkpXVCJ9.eyJyb2xlIjoic3R1ZGVudCIsImlkIjo0LCJleHAiOjE1OTUyNzY4MjQuNDQ0LCJpcCI6Ijo6MSIsInVhIjoiTW96aWxsYS81LjAgKFdpbmRvd3MgTlQgMTAuMDsgV2luNjQ7IHg2NCkgQXBwbGVXZWJLaXQvNTM3LjM2IChLSFRNTCwgbGlrZSBHZWNrbykgQ2hyb21lLzgzLjAuNDEwMy4xMDYgU2FmYXJpLzUzNy4zNiIsImlhdCI6MTU5MjU5ODQyNH0.BJPX6R7zXq2BnB7xz4KSspjxy4yiq0WAh02kQYlDw18', '2020-07-20 20:27:04', 1),
	(99, 3, '2020-06-19 22:29:37', 'eyJhbGciOiJIUzI1NiIsInR5cCI6IkpXVCJ9.eyJyb2xlIjoic3R1ZGVudCIsImlkIjozLCJleHAiOjE1OTUyNzY5NzcuMzI4LCJpcCI6Ijo6MSIsInVhIjoiTW96aWxsYS81LjAgKFdpbmRvd3MgTlQgMTAuMDsgV2luNjQ7IHg2NCkgQXBwbGVXZWJLaXQvNTM3LjM2IChLSFRNTCwgbGlrZSBHZWNrbykgQ2hyb21lLzgzLjAuNDEwMy4xMDYgU2FmYXJpLzUzNy4zNiIsImlhdCI6MTU5MjU5ODU3N30.stt47frnQqadbSJHnXFc33GBUDFjV7IunEmqrlBUnWA', '2020-07-20 20:29:37', 1),
	(100, 3, '2020-06-19 22:29:40', 'eyJhbGciOiJIUzI1NiIsInR5cCI6IkpXVCJ9.eyJyb2xlIjoic3R1ZGVudCIsImlkIjozLCJleHAiOjE1OTUyNzY5ODAuOTEzLCJpcCI6Ijo6MSIsInVhIjoiTW96aWxsYS81LjAgKFdpbmRvd3MgTlQgMTAuMDsgV2luNjQ7IHg2NCkgQXBwbGVXZWJLaXQvNTM3LjM2IChLSFRNTCwgbGlrZSBHZWNrbykgQ2hyb21lLzgzLjAuNDEwMy4xMDYgU2FmYXJpLzUzNy4zNiIsImlhdCI6MTU5MjU5ODU4MH0.fQY8OrG9zq2OCmuMjGf-WWqHxCWQB5RN_J_0uuBcHVk', '2020-07-20 20:29:40', 1),
	(101, 3, '2020-06-19 22:29:41', 'eyJhbGciOiJIUzI1NiIsInR5cCI6IkpXVCJ9.eyJyb2xlIjoic3R1ZGVudCIsImlkIjozLCJleHAiOjE1OTUyNzY5ODEuMDE4LCJpcCI6Ijo6MSIsInVhIjoiTW96aWxsYS81LjAgKFdpbmRvd3MgTlQgMTAuMDsgV2luNjQ7IHg2NCkgQXBwbGVXZWJLaXQvNTM3LjM2IChLSFRNTCwgbGlrZSBHZWNrbykgQ2hyb21lLzgzLjAuNDEwMy4xMDYgU2FmYXJpLzUzNy4zNiIsImlhdCI6MTU5MjU5ODU4MX0.mqF2dBPpTqFjmK7mI62He6GqoUr8_yjqqFi53CbeLns', '2020-07-20 20:29:41', 1),
	(102, 3, '2020-06-19 22:29:43', 'eyJhbGciOiJIUzI1NiIsInR5cCI6IkpXVCJ9.eyJyb2xlIjoic3R1ZGVudCIsImlkIjozLCJleHAiOjE1OTUyNzY5ODMuMTA4LCJpcCI6Ijo6MSIsInVhIjoiTW96aWxsYS81LjAgKFdpbmRvd3MgTlQgMTAuMDsgV2luNjQ7IHg2NCkgQXBwbGVXZWJLaXQvNTM3LjM2IChLSFRNTCwgbGlrZSBHZWNrbykgQ2hyb21lLzgzLjAuNDEwMy4xMDYgU2FmYXJpLzUzNy4zNiIsImlhdCI6MTU5MjU5ODU4M30.jsKlv-nEh9HAKy-FHfTexd3kt2gVbl6-PB5DZy3Og1o', '2020-07-20 20:29:43', 1),
	(103, 3, '2020-06-19 22:29:43', 'eyJhbGciOiJIUzI1NiIsInR5cCI6IkpXVCJ9.eyJyb2xlIjoic3R1ZGVudCIsImlkIjozLCJleHAiOjE1OTUyNzY5ODMuOTQyLCJpcCI6Ijo6MSIsInVhIjoiTW96aWxsYS81LjAgKFdpbmRvd3MgTlQgMTAuMDsgV2luNjQ7IHg2NCkgQXBwbGVXZWJLaXQvNTM3LjM2IChLSFRNTCwgbGlrZSBHZWNrbykgQ2hyb21lLzgzLjAuNDEwMy4xMDYgU2FmYXJpLzUzNy4zNiIsImlhdCI6MTU5MjU5ODU4M30.QgGirYDHm_cLYVBgShNIAZLNULUeWM4s9sWetftrHmY', '2020-07-20 20:29:43', 1),
	(104, 3, '2020-06-19 22:29:44', 'eyJhbGciOiJIUzI1NiIsInR5cCI6IkpXVCJ9.eyJyb2xlIjoic3R1ZGVudCIsImlkIjozLCJleHAiOjE1OTUyNzY5ODQuMTgsImlwIjoiOjoxIiwidWEiOiJNb3ppbGxhLzUuMCAoV2luZG93cyBOVCAxMC4wOyBXaW42NDsgeDY0KSBBcHBsZVdlYktpdC81MzcuMzYgKEtIVE1MLCBsaWtlIEdlY2tvKSBDaHJvbWUvODMuMC40MTAzLjEwNiBTYWZhcmkvNTM3LjM2IiwiaWF0IjoxNTkyNTk4NTg0fQ.6vInU41QMhPhNg1GrfYtTPXrCZCCgrgumys6IMDSdEY', '2020-07-20 20:29:44', 1),
	(105, 3, '2020-06-19 22:29:44', 'eyJhbGciOiJIUzI1NiIsInR5cCI6IkpXVCJ9.eyJyb2xlIjoic3R1ZGVudCIsImlkIjozLCJleHAiOjE1OTUyNzY5ODQuNjYsImlwIjoiOjoxIiwidWEiOiJNb3ppbGxhLzUuMCAoV2luZG93cyBOVCAxMC4wOyBXaW42NDsgeDY0KSBBcHBsZVdlYktpdC81MzcuMzYgKEtIVE1MLCBsaWtlIEdlY2tvKSBDaHJvbWUvODMuMC40MTAzLjEwNiBTYWZhcmkvNTM3LjM2IiwiaWF0IjoxNTkyNTk4NTg0fQ.sSUBfdVthIP69vINVsmvx7u_gzsaZA_rRjBc4_K_x_I', '2020-07-20 20:29:44', 1),
	(106, 3, '2020-06-19 22:29:45', 'eyJhbGciOiJIUzI1NiIsInR5cCI6IkpXVCJ9.eyJyb2xlIjoic3R1ZGVudCIsImlkIjozLCJleHAiOjE1OTUyNzY5ODUuNjU0LCJpcCI6Ijo6MSIsInVhIjoiTW96aWxsYS81LjAgKFdpbmRvd3MgTlQgMTAuMDsgV2luNjQ7IHg2NCkgQXBwbGVXZWJLaXQvNTM3LjM2IChLSFRNTCwgbGlrZSBHZWNrbykgQ2hyb21lLzgzLjAuNDEwMy4xMDYgU2FmYXJpLzUzNy4zNiIsImlhdCI6MTU5MjU5ODU4NX0.jgypGVJW78bzlJWtSbvWwU0Boi8j6pxbP0UOIFZBlHY', '2020-07-20 20:29:45', 1),
	(107, 3, '2020-06-19 22:29:45', 'eyJhbGciOiJIUzI1NiIsInR5cCI6IkpXVCJ9.eyJyb2xlIjoic3R1ZGVudCIsImlkIjozLCJleHAiOjE1OTUyNzY5ODUuODkxLCJpcCI6Ijo6MSIsInVhIjoiTW96aWxsYS81LjAgKFdpbmRvd3MgTlQgMTAuMDsgV2luNjQ7IHg2NCkgQXBwbGVXZWJLaXQvNTM3LjM2IChLSFRNTCwgbGlrZSBHZWNrbykgQ2hyb21lLzgzLjAuNDEwMy4xMDYgU2FmYXJpLzUzNy4zNiIsImlhdCI6MTU5MjU5ODU4NX0.nbYZ_phmJN6d6GFRAUOiGNiSi2y32xYYX-rZZ903u48', '2020-07-20 20:29:45', 1),
	(108, 3, '2020-06-19 22:29:46', 'eyJhbGciOiJIUzI1NiIsInR5cCI6IkpXVCJ9.eyJyb2xlIjoic3R1ZGVudCIsImlkIjozLCJleHAiOjE1OTUyNzY5ODYuMTAxLCJpcCI6Ijo6MSIsInVhIjoiTW96aWxsYS81LjAgKFdpbmRvd3MgTlQgMTAuMDsgV2luNjQ7IHg2NCkgQXBwbGVXZWJLaXQvNTM3LjM2IChLSFRNTCwgbGlrZSBHZWNrbykgQ2hyb21lLzgzLjAuNDEwMy4xMDYgU2FmYXJpLzUzNy4zNiIsImlhdCI6MTU5MjU5ODU4Nn0.RmZzEnWQlYR2wpo4uNv4pdWmar6PhikxMt8U5ZPY37U', '2020-07-20 20:29:46', 1),
	(109, 3, '2020-06-19 22:29:46', 'eyJhbGciOiJIUzI1NiIsInR5cCI6IkpXVCJ9.eyJyb2xlIjoic3R1ZGVudCIsImlkIjozLCJleHAiOjE1OTUyNzY5ODYuMzM2LCJpcCI6Ijo6MSIsInVhIjoiTW96aWxsYS81LjAgKFdpbmRvd3MgTlQgMTAuMDsgV2luNjQ7IHg2NCkgQXBwbGVXZWJLaXQvNTM3LjM2IChLSFRNTCwgbGlrZSBHZWNrbykgQ2hyb21lLzgzLjAuNDEwMy4xMDYgU2FmYXJpLzUzNy4zNiIsImlhdCI6MTU5MjU5ODU4Nn0.qtVeHNxBjWEtF7z8VyJ_2SqnkjfDxipNwNYLtUp7X80', '2020-07-20 20:29:46', 1),
	(110, 3, '2020-06-19 22:29:46', 'eyJhbGciOiJIUzI1NiIsInR5cCI6IkpXVCJ9.eyJyb2xlIjoic3R1ZGVudCIsImlkIjozLCJleHAiOjE1OTUyNzY5ODYuNTI2LCJpcCI6Ijo6MSIsInVhIjoiTW96aWxsYS81LjAgKFdpbmRvd3MgTlQgMTAuMDsgV2luNjQ7IHg2NCkgQXBwbGVXZWJLaXQvNTM3LjM2IChLSFRNTCwgbGlrZSBHZWNrbykgQ2hyb21lLzgzLjAuNDEwMy4xMDYgU2FmYXJpLzUzNy4zNiIsImlhdCI6MTU5MjU5ODU4Nn0.VCsuf9Y66R-WB1Jq_bLBoUyhCxZyLDmIxz_6e0EiBzg', '2020-07-20 20:29:46', 1),
	(111, 3, '2020-06-19 22:29:46', 'eyJhbGciOiJIUzI1NiIsInR5cCI6IkpXVCJ9.eyJyb2xlIjoic3R1ZGVudCIsImlkIjozLCJleHAiOjE1OTUyNzY5ODYuNzI4LCJpcCI6Ijo6MSIsInVhIjoiTW96aWxsYS81LjAgKFdpbmRvd3MgTlQgMTAuMDsgV2luNjQ7IHg2NCkgQXBwbGVXZWJLaXQvNTM3LjM2IChLSFRNTCwgbGlrZSBHZWNrbykgQ2hyb21lLzgzLjAuNDEwMy4xMDYgU2FmYXJpLzUzNy4zNiIsImlhdCI6MTU5MjU5ODU4Nn0.5KjXm-4pydfs3CbqQRgjEyzlcAVc4RaZKofYJg01bqo', '2020-07-20 20:29:46', 1),
	(112, 3, '2020-06-19 22:29:46', 'eyJhbGciOiJIUzI1NiIsInR5cCI6IkpXVCJ9.eyJyb2xlIjoic3R1ZGVudCIsImlkIjozLCJleHAiOjE1OTUyNzY5ODYuOTI5LCJpcCI6Ijo6MSIsInVhIjoiTW96aWxsYS81LjAgKFdpbmRvd3MgTlQgMTAuMDsgV2luNjQ7IHg2NCkgQXBwbGVXZWJLaXQvNTM3LjM2IChLSFRNTCwgbGlrZSBHZWNrbykgQ2hyb21lLzgzLjAuNDEwMy4xMDYgU2FmYXJpLzUzNy4zNiIsImlhdCI6MTU5MjU5ODU4Nn0.Z-9IVtwjOLtlQChUk_27DVcxCCUjcU1dqy5L9cCusng', '2020-07-20 20:29:46', 1),
	(113, 3, '2020-06-19 22:29:47', 'eyJhbGciOiJIUzI1NiIsInR5cCI6IkpXVCJ9.eyJyb2xlIjoic3R1ZGVudCIsImlkIjozLCJleHAiOjE1OTUyNzY5ODcuMTI3LCJpcCI6Ijo6MSIsInVhIjoiTW96aWxsYS81LjAgKFdpbmRvd3MgTlQgMTAuMDsgV2luNjQ7IHg2NCkgQXBwbGVXZWJLaXQvNTM3LjM2IChLSFRNTCwgbGlrZSBHZWNrbykgQ2hyb21lLzgzLjAuNDEwMy4xMDYgU2FmYXJpLzUzNy4zNiIsImlhdCI6MTU5MjU5ODU4N30.1DXe6CnFafVVQCyBe_nf3oRP77L9ZieXoTw4YC1gefA', '2020-07-20 20:29:47', 1),
	(114, 3, '2020-06-19 22:29:47', 'eyJhbGciOiJIUzI1NiIsInR5cCI6IkpXVCJ9.eyJyb2xlIjoic3R1ZGVudCIsImlkIjozLCJleHAiOjE1OTUyNzY5ODcuMzU2LCJpcCI6Ijo6MSIsInVhIjoiTW96aWxsYS81LjAgKFdpbmRvd3MgTlQgMTAuMDsgV2luNjQ7IHg2NCkgQXBwbGVXZWJLaXQvNTM3LjM2IChLSFRNTCwgbGlrZSBHZWNrbykgQ2hyb21lLzgzLjAuNDEwMy4xMDYgU2FmYXJpLzUzNy4zNiIsImlhdCI6MTU5MjU5ODU4N30.9YDyRWo34bGF65JiJpzKqjX0M9fvSwBUVYfOkAUAMI4', '2020-07-20 20:29:47', 1),
	(115, 3, '2020-06-19 22:29:47', 'eyJhbGciOiJIUzI1NiIsInR5cCI6IkpXVCJ9.eyJyb2xlIjoic3R1ZGVudCIsImlkIjozLCJleHAiOjE1OTUyNzY5ODcuNTE3LCJpcCI6Ijo6MSIsInVhIjoiTW96aWxsYS81LjAgKFdpbmRvd3MgTlQgMTAuMDsgV2luNjQ7IHg2NCkgQXBwbGVXZWJLaXQvNTM3LjM2IChLSFRNTCwgbGlrZSBHZWNrbykgQ2hyb21lLzgzLjAuNDEwMy4xMDYgU2FmYXJpLzUzNy4zNiIsImlhdCI6MTU5MjU5ODU4N30.ZNvX2VcHSqGQkD-oEvz-GpLLEIPoT2RbYMCaoBRFMQo', '2020-07-20 20:29:47', 1),
	(116, 3, '2020-06-19 22:29:47', 'eyJhbGciOiJIUzI1NiIsInR5cCI6IkpXVCJ9.eyJyb2xlIjoic3R1ZGVudCIsImlkIjozLCJleHAiOjE1OTUyNzY5ODcuNzAyLCJpcCI6Ijo6MSIsInVhIjoiTW96aWxsYS81LjAgKFdpbmRvd3MgTlQgMTAuMDsgV2luNjQ7IHg2NCkgQXBwbGVXZWJLaXQvNTM3LjM2IChLSFRNTCwgbGlrZSBHZWNrbykgQ2hyb21lLzgzLjAuNDEwMy4xMDYgU2FmYXJpLzUzNy4zNiIsImlhdCI6MTU5MjU5ODU4N30.ECx9V7SvqWW-fkYNygSHrw-MlGDpAbJD5pD9NZev1iY', '2020-07-20 20:29:47', 1),
	(117, 3, '2020-06-19 22:29:47', 'eyJhbGciOiJIUzI1NiIsInR5cCI6IkpXVCJ9.eyJyb2xlIjoic3R1ZGVudCIsImlkIjozLCJleHAiOjE1OTUyNzY5ODcuOTAxLCJpcCI6Ijo6MSIsInVhIjoiTW96aWxsYS81LjAgKFdpbmRvd3MgTlQgMTAuMDsgV2luNjQ7IHg2NCkgQXBwbGVXZWJLaXQvNTM3LjM2IChLSFRNTCwgbGlrZSBHZWNrbykgQ2hyb21lLzgzLjAuNDEwMy4xMDYgU2FmYXJpLzUzNy4zNiIsImlhdCI6MTU5MjU5ODU4N30.JBrx7JX2c7GHR50ZXELEhCdOEmdhzDjB7zZAVHZgf1s', '2020-07-20 20:29:47', 1),
	(118, 3, '2020-06-19 22:29:48', 'eyJhbGciOiJIUzI1NiIsInR5cCI6IkpXVCJ9.eyJyb2xlIjoic3R1ZGVudCIsImlkIjozLCJleHAiOjE1OTUyNzY5ODguMTA1LCJpcCI6Ijo6MSIsInVhIjoiTW96aWxsYS81LjAgKFdpbmRvd3MgTlQgMTAuMDsgV2luNjQ7IHg2NCkgQXBwbGVXZWJLaXQvNTM3LjM2IChLSFRNTCwgbGlrZSBHZWNrbykgQ2hyb21lLzgzLjAuNDEwMy4xMDYgU2FmYXJpLzUzNy4zNiIsImlhdCI6MTU5MjU5ODU4OH0.RkZi1kTt1coh9fC1DOvaCONDEg6-Cil9mOQuueDQTZE', '2020-07-20 20:29:48', 1),
	(119, 3, '2020-06-19 22:33:01', 'eyJhbGciOiJIUzI1NiIsInR5cCI6IkpXVCJ9.eyJyb2xlIjoic3R1ZGVudCIsImlkIjozLCJleHAiOjE1OTUyNzcxODEuMjU3LCJpcCI6Ijo6MSIsInVhIjoiTW96aWxsYS81LjAgKFdpbmRvd3MgTlQgMTAuMDsgV2luNjQ7IHg2NCkgQXBwbGVXZWJLaXQvNTM3LjM2IChLSFRNTCwgbGlrZSBHZWNrbykgQ2hyb21lLzgzLjAuNDEwMy4xMDYgU2FmYXJpLzUzNy4zNiIsImlhdCI6MTU5MjU5ODc4MX0.J5vQDLyqN96Lb6SOgFVwhcVeE4ak6AMXzIjmtEJLwdI', '2020-07-20 20:33:01', 1),
	(120, 3, '2020-06-21 14:00:29', 'eyJhbGciOiJIUzI1NiIsInR5cCI6IkpXVCJ9.eyJyb2xlIjoic3R1ZGVudCIsImlkIjozLCJleHAiOjE1OTU0MTkyMjkuMjY0LCJpcCI6Ijo6MSIsInVhIjoiTW96aWxsYS81LjAgKFdpbmRvd3MgTlQgMTAuMDsgV2luNjQ7IHg2NCkgQXBwbGVXZWJLaXQvNTM3LjM2IChLSFRNTCwgbGlrZSBHZWNrbykgQ2hyb21lLzgzLjAuNDEwMy4xMDYgU2FmYXJpLzUzNy4zNiIsImlhdCI6MTU5Mjc0MDgyOX0.84bMpxa0mw6m_Sm3wlkEKp1OFgTUKAuBPqgFhG_JPqE', '2020-07-22 12:00:29', 1),
	(121, 3, '2020-06-21 14:31:22', 'eyJhbGciOiJIUzI1NiIsInR5cCI6IkpXVCJ9.eyJyb2xlIjoic3R1ZGVudCIsImlkIjozLCJleHAiOjE1OTU0MjEwODIuNjQ4LCJpcCI6Ijo6MSIsInVhIjoiTW96aWxsYS81LjAgKFdpbmRvd3MgTlQgMTAuMDsgV2luNjQ7IHg2NCkgQXBwbGVXZWJLaXQvNTM3LjM2IChLSFRNTCwgbGlrZSBHZWNrbykgQ2hyb21lLzgzLjAuNDEwMy4xMDYgU2FmYXJpLzUzNy4zNiIsImlhdCI6MTU5Mjc0MjY4Mn0.vG_X8EPuR9Tgo9TZD7l2_fxszO4Kftc_hH3Vt9gE68I', '2020-07-22 12:31:22', 1),
	(122, 3, '2020-06-21 14:31:44', 'eyJhbGciOiJIUzI1NiIsInR5cCI6IkpXVCJ9.eyJyb2xlIjoic3R1ZGVudCIsImlkIjozLCJleHAiOjE1OTU0MjExMDQuMTI0LCJpcCI6Ijo6MSIsInVhIjoiTW96aWxsYS81LjAgKFdpbmRvd3MgTlQgMTAuMDsgV2luNjQ7IHg2NCkgQXBwbGVXZWJLaXQvNTM3LjM2IChLSFRNTCwgbGlrZSBHZWNrbykgQ2hyb21lLzgzLjAuNDEwMy4xMDYgU2FmYXJpLzUzNy4zNiIsImlhdCI6MTU5Mjc0MjcwNH0.6p0lah6aA6GQyMhfw9XoemjEs7NWXWdri2Trqi8X7Y8', '2020-07-22 12:31:44', 1),
	(123, 3, '2020-06-21 15:40:56', 'eyJhbGciOiJIUzI1NiIsInR5cCI6IkpXVCJ9.eyJyb2xlIjoic3R1ZGVudCIsImlkIjozLCJleHAiOjE1OTU0MjUyNTYuNDEyLCJpcCI6Ijo6MSIsInVhIjoiTW96aWxsYS81LjAgKFdpbmRvd3MgTlQgMTAuMDsgV2luNjQ7IHg2NCkgQXBwbGVXZWJLaXQvNTM3LjM2IChLSFRNTCwgbGlrZSBHZWNrbykgQ2hyb21lLzgzLjAuNDEwMy4xMDYgU2FmYXJpLzUzNy4zNiIsImlhdCI6MTU5Mjc0Njg1Nn0.OHBbdcBeedKhC8EnsR07ImkAPusLo5vbNVtdaUhjce0', '2020-07-22 13:40:56', 1),
	(124, 3, '2020-06-21 17:10:07', 'eyJhbGciOiJIUzI1NiIsInR5cCI6IkpXVCJ9.eyJyb2xlIjoic3R1ZGVudCIsImlkIjozLCJleHAiOjE1OTU0MzA2MDYuOTc5LCJpcCI6Ijo6MSIsInVhIjoiTW96aWxsYS81LjAgKFdpbmRvd3MgTlQgMTAuMDsgV2luNjQ7IHg2NCkgQXBwbGVXZWJLaXQvNTM3LjM2IChLSFRNTCwgbGlrZSBHZWNrbykgQ2hyb21lLzgzLjAuNDEwMy4xMDYgU2FmYXJpLzUzNy4zNiIsImlhdCI6MTU5Mjc1MjIwNn0.i_-OIUBhxtQ9nkzgviigYIfMampvEROXAs8a1xGYVdw', '2020-07-22 15:10:06', 1),
	(125, 3, '2020-06-21 17:10:29', 'eyJhbGciOiJIUzI1NiIsInR5cCI6IkpXVCJ9.eyJyb2xlIjoic3R1ZGVudCIsImlkIjozLCJleHAiOjE1OTU0MzA2MjkuNzU5LCJpcCI6Ijo6MSIsInVhIjoiTW96aWxsYS81LjAgKFdpbmRvd3MgTlQgMTAuMDsgV2luNjQ7IHg2NCkgQXBwbGVXZWJLaXQvNTM3LjM2IChLSFRNTCwgbGlrZSBHZWNrbykgQ2hyb21lLzgzLjAuNDEwMy4xMDYgU2FmYXJpLzUzNy4zNiIsImlhdCI6MTU5Mjc1MjIyOX0.aw_tPEN2zE7eh1PtrXbAlI49V2rDu816aO-5Cdz2UjM', '2020-07-22 15:10:29', 1),
	(126, 3, '2020-06-21 17:29:55', 'eyJhbGciOiJIUzI1NiIsInR5cCI6IkpXVCJ9.eyJyb2xlIjoic3R1ZGVudCIsImlkIjozLCJleHAiOjE1OTU0MzE3OTQuODksImlwIjoiOjoxIiwidWEiOiJNb3ppbGxhLzUuMCAoV2luZG93cyBOVCAxMC4wOyBXaW42NDsgeDY0KSBBcHBsZVdlYktpdC81MzcuMzYgKEtIVE1MLCBsaWtlIEdlY2tvKSBDaHJvbWUvODMuMC40MTAzLjEwNiBTYWZhcmkvNTM3LjM2IiwiaWF0IjoxNTkyNzUzMzk0fQ.SxSPR2atiDWRVdnbSgLeTs5MrTJZO8JmjuLegZ1xQTs', '2020-07-22 15:29:54', 1),
	(127, 3, '2020-06-21 17:35:17', 'eyJhbGciOiJIUzI1NiIsInR5cCI6IkpXVCJ9.eyJyb2xlIjoic3R1ZGVudCIsImlkIjozLCJleHAiOjE1OTU0MzIxMTcuMTU4LCJpcCI6Ijo6MSIsInVhIjoiTW96aWxsYS81LjAgKFdpbmRvd3MgTlQgMTAuMDsgV2luNjQ7IHg2NCkgQXBwbGVXZWJLaXQvNTM3LjM2IChLSFRNTCwgbGlrZSBHZWNrbykgQ2hyb21lLzgzLjAuNDEwMy4xMDYgU2FmYXJpLzUzNy4zNiIsImlhdCI6MTU5Mjc1MzcxN30.IVC-_Vrmwl06-nNqmCRB74P0aXMaSLoTEE6LVNrlkbQ', '2020-07-22 15:35:17', 1),
	(128, 3, '2020-06-21 17:43:05', 'eyJhbGciOiJIUzI1NiIsInR5cCI6IkpXVCJ9.eyJyb2xlIjoic3R1ZGVudCIsImlkIjozLCJleHAiOjE1OTU0MzI1ODUuODYzLCJpcCI6Ijo6MSIsInVhIjoiTW96aWxsYS81LjAgKFdpbmRvd3MgTlQgMTAuMDsgV2luNjQ7IHg2NCkgQXBwbGVXZWJLaXQvNTM3LjM2IChLSFRNTCwgbGlrZSBHZWNrbykgQ2hyb21lLzgzLjAuNDEwMy4xMDYgU2FmYXJpLzUzNy4zNiIsImlhdCI6MTU5Mjc1NDE4NX0.lgwpSGckqclVKzdaOn54G2LY5Kmd5pj2QZx0S0HaOiE', '2020-07-22 15:43:05', 1),
	(129, 3, '2020-06-21 17:45:34', 'eyJhbGciOiJIUzI1NiIsInR5cCI6IkpXVCJ9.eyJyb2xlIjoic3R1ZGVudCIsImlkIjozLCJleHAiOjE1OTU0MzI3MzQuMjQzLCJpcCI6Ijo6MSIsInVhIjoiTW96aWxsYS81LjAgKFdpbmRvd3MgTlQgMTAuMDsgV2luNjQ7IHg2NCkgQXBwbGVXZWJLaXQvNTM3LjM2IChLSFRNTCwgbGlrZSBHZWNrbykgQ2hyb21lLzgzLjAuNDEwMy4xMDYgU2FmYXJpLzUzNy4zNiIsImlhdCI6MTU5Mjc1NDMzNH0.QPMurOeFUTMKwXHlSI03DNM77WQX1B6eOqoNKij0Ki8', '2020-07-22 15:45:34', 1),
	(130, 3, '2020-06-21 18:03:37', 'eyJhbGciOiJIUzI1NiIsInR5cCI6IkpXVCJ9.eyJyb2xlIjoic3R1ZGVudCIsImlkIjozLCJ1c2VybmFtZSI6InN0dWRlbnQyIiwiZXhwIjoxNTk1NDMzODE3Ljg2NSwiaXAiOiI6OjEiLCJ1YSI6Ik1vemlsbGEvNS4wIChXaW5kb3dzIE5UIDEwLjA7IFdpbjY0OyB4NjQpIEFwcGxlV2ViS2l0LzUzNy4zNiAoS0hUTUwsIGxpa2UgR2Vja28pIENocm9tZS84My4wLjQxMDMuMTA2IFNhZmFyaS81MzcuMzYiLCJpYXQiOjE1OTI3NTU0MTd9.scsNPKvYjyaJ1GHbUowmM0Jq4b0F8NjhC1baHjsjyyg', '2020-07-22 16:03:37', 1),
	(131, 3, '2020-06-21 18:06:27', 'eyJhbGciOiJIUzI1NiIsInR5cCI6IkpXVCJ9.eyJyb2xlIjoic3R1ZGVudCIsImlkIjozLCJ1c2VybmFtZSI6InN0dWRlbnQyIiwiZXhwIjoxNTk1NDMzOTg3LjMxMSwiaXAiOiI6OmZmZmY6MTI3LjAuMC4xIiwidWEiOiJNb3ppbGxhLzUuMCAoV2luZG93cyBOVCAxMC4wOyBXaW42NDsgeDY0KSBBcHBsZVdlYktpdC81MzcuMzYgKEtIVE1MLCBsaWtlIEdlY2tvKSBDaHJvbWUvNzAuMC4zNTM4LjEwMiBTYWZhcmkvNTM3LjM2IEVkZ2UvMTguMTgzNjIiLCJpYXQiOjE1OTI3NTU1ODd9.YOFt8_7lvNd56N0i-6QPIFQNdhMAHfxlJJKVNtOyZOs', '2020-07-22 16:06:27', 1),
	(132, 3, '2020-06-22 16:57:52', 'eyJhbGciOiJIUzI1NiIsInR5cCI6IkpXVCJ9.eyJyb2xlIjoic3R1ZGVudCIsImlkIjozLCJ1c2VybmFtZSI6InN0dWRlbnQyIiwiZXhwIjoxNTk1NTE2MjcyLjM2MSwiaXAiOiI6OjEiLCJ1YSI6Ik1vemlsbGEvNS4wIChXaW5kb3dzIE5UIDEwLjA7IFdpbjY0OyB4NjQpIEFwcGxlV2ViS2l0LzUzNy4zNiAoS0hUTUwsIGxpa2UgR2Vja28pIENocm9tZS84My4wLjQxMDMuMTA2IFNhZmFyaS81MzcuMzYiLCJpYXQiOjE1OTI4Mzc4NzJ9.vyzWgKvXY1AoTjXwrVaKbN8DjwEypxoQ0Fd3gBLnsuI', '2020-07-23 14:57:52', 1),
	(133, 3, '2020-06-22 17:04:42', 'eyJhbGciOiJIUzI1NiIsInR5cCI6IkpXVCJ9.eyJyb2xlIjoic3R1ZGVudCIsImlkIjozLCJ1c2VybmFtZSI6InN0dWRlbnQyIiwiZXhwIjoxNTk1NTE2NjgyLjk2NiwiaXAiOiI6OjEiLCJ1YSI6Ik1vemlsbGEvNS4wIChXaW5kb3dzIE5UIDEwLjA7IFdpbjY0OyB4NjQpIEFwcGxlV2ViS2l0LzUzNy4zNiAoS0hUTUwsIGxpa2UgR2Vja28pIENocm9tZS84My4wLjQxMDMuMTA2IFNhZmFyaS81MzcuMzYiLCJpYXQiOjE1OTI4MzgyODJ9.pgcKt_vvgIsgSgHnzGjE3mr60Q33teU0FRHILN1fuIE', '2020-07-23 15:04:42', 1),
	(134, 3, '2020-06-22 17:15:02', 'eyJhbGciOiJIUzI1NiIsInR5cCI6IkpXVCJ9.eyJyb2xlIjoic3R1ZGVudCIsImlkIjozLCJ1c2VybmFtZSI6InN0dWRlbnQyIiwiZXhwIjoxNTk1NTE3MzAyLjA1NiwiaXAiOiI6OjEiLCJ1YSI6Ik1vemlsbGEvNS4wIChXaW5kb3dzIE5UIDEwLjA7IFdpbjY0OyB4NjQpIEFwcGxlV2ViS2l0LzUzNy4zNiAoS0hUTUwsIGxpa2UgR2Vja28pIENocm9tZS84My4wLjQxMDMuMTA2IFNhZmFyaS81MzcuMzYiLCJpYXQiOjE1OTI4Mzg5MDJ9.Cf3T3kCbTvRA61giXzVf9xkUH_o2maLSUQjq_EYonQY', '2020-07-23 15:15:02', 1),
	(135, 3, '2020-06-22 17:33:15', 'eyJhbGciOiJIUzI1NiIsInR5cCI6IkpXVCJ9.eyJyb2xlIjoic3R1ZGVudCIsImlkIjozLCJ1c2VybmFtZSI6InN0dWRlbnQyIiwiZXhwIjoxNTk1NTE4Mzk1LjA1NSwiaXAiOiI6OjEiLCJ1YSI6Ik1vemlsbGEvNS4wIChXaW5kb3dzIE5UIDEwLjA7IFdpbjY0OyB4NjQpIEFwcGxlV2ViS2l0LzUzNy4zNiAoS0hUTUwsIGxpa2UgR2Vja28pIENocm9tZS84My4wLjQxMDMuMTA2IFNhZmFyaS81MzcuMzYiLCJpYXQiOjE1OTI4Mzk5OTV9.SjVJ4_9FeAD6HhzlQdd6olMNiDGlyWugokEu7afknDg', '2020-07-23 15:33:15', 1),
	(136, 3, '2020-06-22 17:41:07', 'eyJhbGciOiJIUzI1NiIsInR5cCI6IkpXVCJ9.eyJyb2xlIjoic3R1ZGVudCIsImlkIjozLCJ1c2VybmFtZSI6InN0dWRlbnQyIiwiZXhwIjoxNTk1NTE4ODY3LjIzMywiaXAiOiI6OjEiLCJ1YSI6Ik1vemlsbGEvNS4wIChXaW5kb3dzIE5UIDEwLjA7IFdpbjY0OyB4NjQpIEFwcGxlV2ViS2l0LzUzNy4zNiAoS0hUTUwsIGxpa2UgR2Vja28pIENocm9tZS84My4wLjQxMDMuMTA2IFNhZmFyaS81MzcuMzYiLCJpYXQiOjE1OTI4NDA0Njd9.5mdJJZromc8VMDRaP81kFP7Z00Wsx6PBzBE5du5oXYk', '2020-07-23 15:41:07', 1),
	(137, 3, '2020-06-22 19:42:26', 'eyJhbGciOiJIUzI1NiIsInR5cCI6IkpXVCJ9.eyJyb2xlIjoic3R1ZGVudCIsImlkIjozLCJ1c2VybmFtZSI6InN0dWRlbnQyIiwiZXhwIjoxNTk1NTI2MTQ2LjUxLCJpcCI6Ijo6MSIsInVhIjoiTW96aWxsYS81LjAgKFdpbmRvd3MgTlQgMTAuMDsgV2luNjQ7IHg2NCkgQXBwbGVXZWJLaXQvNTM3LjM2IChLSFRNTCwgbGlrZSBHZWNrbykgQ2hyb21lLzgzLjAuNDEwMy4xMDYgU2FmYXJpLzUzNy4zNiIsImlhdCI6MTU5Mjg0Nzc0Nn0.bfGR9r2mTht_nOknaGUO2uTu73XblQwnEWWZs9ImGzE', '2020-07-23 17:42:26', 1),
	(138, 3, '2020-06-22 20:13:30', 'eyJhbGciOiJIUzI1NiIsInR5cCI6IkpXVCJ9.eyJyb2xlIjoic3R1ZGVudCIsImlkIjozLCJ1c2VybmFtZSI6InN0dWRlbnQyIiwiZXhwIjoxNTk1NTI4MDEwLjk5MSwiaXAiOiI6OjEiLCJ1YSI6Ik1vemlsbGEvNS4wIChXaW5kb3dzIE5UIDEwLjA7IFdpbjY0OyB4NjQpIEFwcGxlV2ViS2l0LzUzNy4zNiAoS0hUTUwsIGxpa2UgR2Vja28pIENocm9tZS84My4wLjQxMDMuMTA2IFNhZmFyaS81MzcuMzYiLCJpYXQiOjE1OTI4NDk2MTB9.Q0FBqQ_S-VymK8bxVQBHdWLafesiUqRr9tJjjuPwJ-Q', '2020-07-23 18:13:30', 1),
	(139, 3, '2020-06-22 20:14:38', 'eyJhbGciOiJIUzI1NiIsInR5cCI6IkpXVCJ9.eyJyb2xlIjoic3R1ZGVudCIsImlkIjozLCJ1c2VybmFtZSI6InN0dWRlbnQyIiwiZXhwIjoxNTk1NTI4MDc4LjMyMSwiaXAiOiI6OjEiLCJ1YSI6Ik1vemlsbGEvNS4wIChXaW5kb3dzIE5UIDEwLjA7IFdpbjY0OyB4NjQpIEFwcGxlV2ViS2l0LzUzNy4zNiAoS0hUTUwsIGxpa2UgR2Vja28pIENocm9tZS84My4wLjQxMDMuMTA2IFNhZmFyaS81MzcuMzYiLCJpYXQiOjE1OTI4NDk2Nzh9.YOxng11FeVYIehJZV1I5aIUW0qRtyFc0VvOmhCXmBVc', '2020-07-23 18:14:38', 1),
	(140, 3, '2020-06-22 20:15:01', 'eyJhbGciOiJIUzI1NiIsInR5cCI6IkpXVCJ9.eyJyb2xlIjoic3R1ZGVudCIsImlkIjozLCJ1c2VybmFtZSI6InN0dWRlbnQyIiwiZXhwIjoxNTk1NTI4MTAxLjUxNiwiaXAiOiI6OjEiLCJ1YSI6Ik1vemlsbGEvNS4wIChXaW5kb3dzIE5UIDEwLjA7IFdpbjY0OyB4NjQpIEFwcGxlV2ViS2l0LzUzNy4zNiAoS0hUTUwsIGxpa2UgR2Vja28pIENocm9tZS84My4wLjQxMDMuMTA2IFNhZmFyaS81MzcuMzYiLCJpYXQiOjE1OTI4NDk3MDF9.gAu1YKwFFqGV0u5XZtaW1MYC7csVxthXkEuyOXv37Jk', '2020-07-23 18:15:01', 1),
	(141, 3, '2020-06-22 20:15:42', 'eyJhbGciOiJIUzI1NiIsInR5cCI6IkpXVCJ9.eyJyb2xlIjoic3R1ZGVudCIsImlkIjozLCJ1c2VybmFtZSI6InN0dWRlbnQyIiwiZXhwIjoxNTk1NTI4MTQyLjg5NCwiaXAiOiI6OjEiLCJ1YSI6Ik1vemlsbGEvNS4wIChXaW5kb3dzIE5UIDEwLjA7IFdpbjY0OyB4NjQpIEFwcGxlV2ViS2l0LzUzNy4zNiAoS0hUTUwsIGxpa2UgR2Vja28pIENocm9tZS84My4wLjQxMDMuMTA2IFNhZmFyaS81MzcuMzYiLCJpYXQiOjE1OTI4NDk3NDJ9.3qGdVqAA-hFwN6wqvOAJZ3mCGtUb8P6BYT5y0kIteEc', '2020-07-23 18:15:42', 1),
	(142, 3, '2020-06-22 20:17:46', 'eyJhbGciOiJIUzI1NiIsInR5cCI6IkpXVCJ9.eyJyb2xlIjoic3R1ZGVudCIsImlkIjozLCJ1c2VybmFtZSI6InN0dWRlbnQyIiwiZXhwIjoxNTk1NTI4MjY2Ljc1NCwiaXAiOiI6OjEiLCJ1YSI6Ik1vemlsbGEvNS4wIChXaW5kb3dzIE5UIDEwLjA7IFdpbjY0OyB4NjQpIEFwcGxlV2ViS2l0LzUzNy4zNiAoS0hUTUwsIGxpa2UgR2Vja28pIENocm9tZS84My4wLjQxMDMuMTA2IFNhZmFyaS81MzcuMzYiLCJpYXQiOjE1OTI4NDk4NjZ9.N7Zr5KmtXNBVjG2jr8balKI5PZeQaxladjJxRkQNZb0', '2020-07-23 18:17:46', 1),
	(143, 3, '2020-06-22 21:17:32', 'eyJhbGciOiJIUzI1NiIsInR5cCI6IkpXVCJ9.eyJyb2xlIjoic3R1ZGVudCIsImlkIjozLCJ1c2VybmFtZSI6InN0dWRlbnQyIiwiZXhwIjoxNTk1NTMxODUyLjc0MywiaXAiOiI6OjEiLCJ1YSI6Ik1vemlsbGEvNS4wIChXaW5kb3dzIE5UIDEwLjA7IFdpbjY0OyB4NjQpIEFwcGxlV2ViS2l0LzUzNy4zNiAoS0hUTUwsIGxpa2UgR2Vja28pIENocm9tZS84My4wLjQxMDMuMTA2IFNhZmFyaS81MzcuMzYiLCJpYXQiOjE1OTI4NTM0NTJ9.rIG0S7SdPogpXEu56xMgctN5GNyfpP3jy7MEWj6-mGw', '2020-07-23 19:17:32', 1),
	(144, 3, '2020-06-22 21:30:30', 'eyJhbGciOiJIUzI1NiIsInR5cCI6IkpXVCJ9.eyJyb2xlIjoic3R1ZGVudCIsImlkIjozLCJ1c2VybmFtZSI6InN0dWRlbnQyIiwiZXhwIjoxNTk1NTMyNjMwLjQyMSwiaXAiOiI6OjEiLCJ1YSI6Ik1vemlsbGEvNS4wIChXaW5kb3dzIE5UIDEwLjA7IFdpbjY0OyB4NjQpIEFwcGxlV2ViS2l0LzUzNy4zNiAoS0hUTUwsIGxpa2UgR2Vja28pIENocm9tZS84My4wLjQxMDMuMTA2IFNhZmFyaS81MzcuMzYiLCJpYXQiOjE1OTI4NTQyMzB9.M2orKlT0MRu2FxOUbnDZFBB4h3Lma9kPfW-VrhdV6Ac', '2020-07-23 19:30:30', 1),
	(145, 3, '2020-06-24 19:27:53', 'eyJhbGciOiJIUzI1NiIsInR5cCI6IkpXVCJ9.eyJyb2xlIjoic3R1ZGVudCIsImlkIjozLCJ1c2VybmFtZSI6InN0dWRlbnQyIiwiZXhwIjoxNTk1Njk4MDczLjIxMiwiaXAiOiI6OjEiLCJ1YSI6Ik1vemlsbGEvNS4wIChXaW5kb3dzIE5UIDEwLjA7IFdpbjY0OyB4NjQpIEFwcGxlV2ViS2l0LzUzNy4zNiAoS0hUTUwsIGxpa2UgR2Vja28pIENocm9tZS84My4wLjQxMDMuMTE2IFNhZmFyaS81MzcuMzYiLCJpYXQiOjE1OTMwMTk2NzN9.eGkFurkarbAxOwS1YVlBugPGLmw4ZQ7NZXfgfNZW5PM', '2020-07-25 17:27:53', 1),
	(146, 3, '2020-06-25 09:09:52', 'eyJhbGciOiJIUzI1NiIsInR5cCI6IkpXVCJ9.eyJyb2xlIjoic3R1ZGVudCIsImlkIjozLCJ1c2VybmFtZSI6InN0dWRlbnQyIiwiZXhwIjoxNTk1NzQ3MzkxLjk4MywiaXAiOiI6OjEiLCJ1YSI6Ik1vemlsbGEvNS4wIChXaW5kb3dzIE5UIDEwLjA7IFdpbjY0OyB4NjQpIEFwcGxlV2ViS2l0LzUzNy4zNiAoS0hUTUwsIGxpa2UgR2Vja28pIENocm9tZS84My4wLjQxMDMuMTE2IFNhZmFyaS81MzcuMzYiLCJpYXQiOjE1OTMwNjg5OTF9.8AmizZtBGJ1zb_MpugT3xgMSK8WmASYdZIM9VVgVnTc', '2020-07-26 07:09:51', 1),
	(147, 3, '2020-06-25 09:21:13', 'eyJhbGciOiJIUzI1NiIsInR5cCI6IkpXVCJ9.eyJyb2xlIjoic3R1ZGVudCIsImlkIjozLCJ1c2VybmFtZSI6InN0dWRlbnQyIiwiZXhwIjoxNTk1NzQ4MDczLjM1NSwiaXAiOiI6OjEiLCJ1YSI6Ik1vemlsbGEvNS4wIChXaW5kb3dzIE5UIDEwLjA7IFdpbjY0OyB4NjQpIEFwcGxlV2ViS2l0LzUzNy4zNiAoS0hUTUwsIGxpa2UgR2Vja28pIENocm9tZS84My4wLjQxMDMuMTE2IFNhZmFyaS81MzcuMzYiLCJpYXQiOjE1OTMwNjk2NzN9.Ej8c0LUTrdzcatYgbFcXrG-PNiDe8Vdpgv2XkLug88s', '2020-07-26 07:21:13', 1),
	(148, 3, '2020-06-25 09:28:54', 'eyJhbGciOiJIUzI1NiIsInR5cCI6IkpXVCJ9.eyJyb2xlIjoic3R1ZGVudCIsImlkIjozLCJ1c2VybmFtZSI6InN0dWRlbnQyIiwiZXhwIjoxNTk1NzQ4NTM0LjIzMiwiaXAiOiI6OjEiLCJ1YSI6IlBvc3RtYW5SdW50aW1lLzcuMjYuMSIsImlhdCI6MTU5MzA3MDEzNH0.2SKK7rfrr57JdHnnntUWJP3lOnBOrZZloCCjX_CNhAo', '2020-07-26 07:28:54', 1),
	(149, 3, '2020-06-25 09:36:02', 'eyJhbGciOiJIUzI1NiIsInR5cCI6IkpXVCJ9.eyJyb2xlIjoic3R1ZGVudCIsImlkIjozLCJ1c2VybmFtZSI6InN0dWRlbnQyIiwiZXhwIjoxNTk1NzQ4OTYyLjc1MiwiaXAiOiI6OjEiLCJ1YSI6Ik1vemlsbGEvNS4wIChXaW5kb3dzIE5UIDEwLjA7IFdpbjY0OyB4NjQpIEFwcGxlV2ViS2l0LzUzNy4zNiAoS0hUTUwsIGxpa2UgR2Vja28pIENocm9tZS84My4wLjQxMDMuMTE2IFNhZmFyaS81MzcuMzYiLCJpYXQiOjE1OTMwNzA1NjJ9.gxE-MM5F9dFRieRrt3pVR8scvItloD1qQE15XRD_3x0', '2020-07-26 07:36:02', 1),
	(150, 3, '2020-06-25 09:36:21', 'eyJhbGciOiJIUzI1NiIsInR5cCI6IkpXVCJ9.eyJyb2xlIjoic3R1ZGVudCIsImlkIjozLCJ1c2VybmFtZSI6InN0dWRlbnQyIiwiZXhwIjoxNTk1NzQ4OTgxLjQ1LCJpcCI6Ijo6MSIsInVhIjoiTW96aWxsYS81LjAgKFdpbmRvd3MgTlQgMTAuMDsgV2luNjQ7IHg2NCkgQXBwbGVXZWJLaXQvNTM3LjM2IChLSFRNTCwgbGlrZSBHZWNrbykgQ2hyb21lLzgzLjAuNDEwMy4xMTYgU2FmYXJpLzUzNy4zNiIsImlhdCI6MTU5MzA3MDU4MX0.XrFBvfPwjgRpEAqoL63ztDvCI6pQXj7ZRfhWqMQ-F5Y', '2020-07-26 07:36:21', 1),
	(151, 3, '2020-06-25 09:38:44', 'eyJhbGciOiJIUzI1NiIsInR5cCI6IkpXVCJ9.eyJyb2xlIjoic3R1ZGVudCIsImlkIjozLCJ1c2VybmFtZSI6InN0dWRlbnQyIiwiZXhwIjoxNTk1NzQ5MTI0LjQ3NCwiaXAiOiI6OjEiLCJ1YSI6IlBvc3RtYW5SdW50aW1lLzcuMjYuMSIsImlhdCI6MTU5MzA3MDcyNH0.vmme7uP1fg2FPc9j6FiMemIccNndIV3QtV9vo1P-5yc', '2020-07-26 07:38:44', 1),
	(152, 3, '2020-06-25 09:43:10', 'eyJhbGciOiJIUzI1NiIsInR5cCI6IkpXVCJ9.eyJyb2xlIjoic3R1ZGVudCIsImlkIjozLCJ1c2VybmFtZSI6InN0dWRlbnQyIiwiZXhwIjoxNTk1NzQ5MzkwLjI5MSwiaXAiOiI6OjEiLCJ1YSI6Ik1vemlsbGEvNS4wIChXaW5kb3dzIE5UIDEwLjA7IFdpbjY0OyB4NjQpIEFwcGxlV2ViS2l0LzUzNy4zNiAoS0hUTUwsIGxpa2UgR2Vja28pIENocm9tZS84My4wLjQxMDMuMTE2IFNhZmFyaS81MzcuMzYiLCJpYXQiOjE1OTMwNzA5OTB9.7m3ecKbZ3HVUHSXkX0hKY_OAyOsGMFzzA_8mBNywJR0', '2020-07-26 07:43:10', 1),
	(153, 3, '2020-06-25 10:01:15', 'eyJhbGciOiJIUzI1NiIsInR5cCI6IkpXVCJ9.eyJyb2xlIjoic3R1ZGVudCIsImlkIjozLCJ1c2VybmFtZSI6InN0dWRlbnQyIiwiZXhwIjoxNTk1NzUwNDc1LjQ5LCJpcCI6Ijo6MSIsInVhIjoiTW96aWxsYS81LjAgKFdpbmRvd3MgTlQgMTAuMDsgV2luNjQ7IHg2NCkgQXBwbGVXZWJLaXQvNTM3LjM2IChLSFRNTCwgbGlrZSBHZWNrbykgQ2hyb21lLzgzLjAuNDEwMy4xMTYgU2FmYXJpLzUzNy4zNiIsImlhdCI6MTU5MzA3MjA3NX0.72aDOpX9nZ4Yk1kfF7S7ueiwyAk3xmChMBfX25ovgzI', '2020-07-26 08:01:15', 1),
	(154, 3, '2020-06-25 10:11:15', 'eyJhbGciOiJIUzI1NiIsInR5cCI6IkpXVCJ9.eyJyb2xlIjoic3R1ZGVudCIsImlkIjozLCJ1c2VybmFtZSI6InN0dWRlbnQyIiwiZXhwIjoxNTk1NzUxMDc1LjMwOSwiaXAiOiI6OjEiLCJ1YSI6Ik1vemlsbGEvNS4wIChXaW5kb3dzIE5UIDEwLjA7IFdpbjY0OyB4NjQpIEFwcGxlV2ViS2l0LzUzNy4zNiAoS0hUTUwsIGxpa2UgR2Vja28pIENocm9tZS84My4wLjQxMDMuMTE2IFNhZmFyaS81MzcuMzYiLCJpYXQiOjE1OTMwNzI2NzV9.fKLSAzVva3LZMUtnM_m0LtgiHqTfFB6Tw5X2l77GWzI', '2020-07-26 08:11:15', 1),
	(155, 3, '2020-06-25 10:14:50', 'eyJhbGciOiJIUzI1NiIsInR5cCI6IkpXVCJ9.eyJyb2xlIjoic3R1ZGVudCIsImlkIjozLCJ1c2VybmFtZSI6InN0dWRlbnQyIiwiZXhwIjoxNTk1NzUxMjkwLjYyMiwiaXAiOiI6OjEiLCJ1YSI6Ik1vemlsbGEvNS4wIChXaW5kb3dzIE5UIDEwLjA7IFdpbjY0OyB4NjQpIEFwcGxlV2ViS2l0LzUzNy4zNiAoS0hUTUwsIGxpa2UgR2Vja28pIENocm9tZS84My4wLjQxMDMuMTE2IFNhZmFyaS81MzcuMzYiLCJpYXQiOjE1OTMwNzI4OTB9.NFNKX5QPcjCJ66TtNHu8WIekpJ0nMKD10ERF4U1iUUM', '2020-07-26 08:14:50', 1),
	(156, 3, '2020-06-25 10:15:16', 'eyJhbGciOiJIUzI1NiIsInR5cCI6IkpXVCJ9.eyJyb2xlIjoic3R1ZGVudCIsImlkIjozLCJ1c2VybmFtZSI6InN0dWRlbnQyIiwiZXhwIjoxNTk1NzUxMzE2LjU5MSwiaXAiOiI6OjEiLCJ1YSI6Ik1vemlsbGEvNS4wIChXaW5kb3dzIE5UIDEwLjA7IFdpbjY0OyB4NjQpIEFwcGxlV2ViS2l0LzUzNy4zNiAoS0hUTUwsIGxpa2UgR2Vja28pIENocm9tZS84My4wLjQxMDMuMTE2IFNhZmFyaS81MzcuMzYiLCJpYXQiOjE1OTMwNzI5MTZ9.2EbrDPmr-GRU4NaxqU0TIh627u5QVUVZhfkZ4Agkjtk', '2020-07-26 08:15:16', 1),
	(157, 3, '2020-06-25 10:21:15', 'eyJhbGciOiJIUzI1NiIsInR5cCI6IkpXVCJ9.eyJyb2xlIjoic3R1ZGVudCIsImlkIjozLCJ1c2VybmFtZSI6InN0dWRlbnQyIiwiZXhwIjoxNTk1NzUxNjc1LjgyNSwiaXAiOiI6OjEiLCJ1YSI6Ik1vemlsbGEvNS4wIChXaW5kb3dzIE5UIDEwLjA7IFdpbjY0OyB4NjQpIEFwcGxlV2ViS2l0LzUzNy4zNiAoS0hUTUwsIGxpa2UgR2Vja28pIENocm9tZS84My4wLjQxMDMuMTE2IFNhZmFyaS81MzcuMzYiLCJpYXQiOjE1OTMwNzMyNzV9.ToyFjfk8O1ogStOHApoD0o6eIArFk-vR7cEIC5635Uk', '2020-07-26 08:21:15', 1),
	(158, 3, '2020-06-25 10:29:01', 'eyJhbGciOiJIUzI1NiIsInR5cCI6IkpXVCJ9.eyJyb2xlIjoic3R1ZGVudCIsImlkIjozLCJ1c2VybmFtZSI6InN0dWRlbnQyIiwiZXhwIjoxNTk1NzUyMTQxLjcxNCwiaXAiOiI6OjEiLCJ1YSI6Ik1vemlsbGEvNS4wIChXaW5kb3dzIE5UIDEwLjA7IFdpbjY0OyB4NjQpIEFwcGxlV2ViS2l0LzUzNy4zNiAoS0hUTUwsIGxpa2UgR2Vja28pIENocm9tZS84My4wLjQxMDMuMTE2IFNhZmFyaS81MzcuMzYiLCJpYXQiOjE1OTMwNzM3NDF9.914xcjkEb1SWg-C-bHwUH890QSJsF3FmLpPRtAmtsRE', '2020-07-26 08:29:01', 1),
	(159, 3, '2020-06-25 13:54:04', 'eyJhbGciOiJIUzI1NiIsInR5cCI6IkpXVCJ9.eyJyb2xlIjoic3R1ZGVudCIsImlkIjozLCJ1c2VybmFtZSI6InN0dWRlbnQyIiwiZXhwIjoxNTk1NzY0NDQ0LjU2OCwiaXAiOiI6OjEiLCJ1YSI6Ik1vemlsbGEvNS4wIChXaW5kb3dzIE5UIDEwLjA7IFdpbjY0OyB4NjQpIEFwcGxlV2ViS2l0LzUzNy4zNiAoS0hUTUwsIGxpa2UgR2Vja28pIENocm9tZS84My4wLjQxMDMuMTE2IFNhZmFyaS81MzcuMzYiLCJpYXQiOjE1OTMwODYwNDR9.21OVdADX3UZvaXsNnrOqjGxohW-a-JVB6rAQRL5cHJo', '2020-07-26 11:54:04', 1),
	(160, 3, '2020-06-25 14:04:54', 'eyJhbGciOiJIUzI1NiIsInR5cCI6IkpXVCJ9.eyJyb2xlIjoic3R1ZGVudCIsImlkIjozLCJ1c2VybmFtZSI6InN0dWRlbnQyIiwiZXhwIjoxNTk1NzY1MDk0LjA3NSwiaXAiOiI6OjEiLCJ1YSI6Ik1vemlsbGEvNS4wIChXaW5kb3dzIE5UIDEwLjA7IFdpbjY0OyB4NjQpIEFwcGxlV2ViS2l0LzUzNy4zNiAoS0hUTUwsIGxpa2UgR2Vja28pIENocm9tZS84My4wLjQxMDMuMTE2IFNhZmFyaS81MzcuMzYiLCJpYXQiOjE1OTMwODY2OTR9.P8EllEQ-ZvMxMjnDsgHqFGRsJQbzEQydjt_i90viDt0', '2020-07-26 12:04:54', 1),
	(161, 3, '2020-06-25 14:05:14', 'eyJhbGciOiJIUzI1NiIsInR5cCI6IkpXVCJ9.eyJyb2xlIjoic3R1ZGVudCIsImlkIjozLCJ1c2VybmFtZSI6InN0dWRlbnQyIiwiZXhwIjoxNTk1NzY1MTE0LjQ2NiwiaXAiOiI6OjEiLCJ1YSI6Ik1vemlsbGEvNS4wIChXaW5kb3dzIE5UIDEwLjA7IFdpbjY0OyB4NjQpIEFwcGxlV2ViS2l0LzUzNy4zNiAoS0hUTUwsIGxpa2UgR2Vja28pIENocm9tZS84My4wLjQxMDMuMTE2IFNhZmFyaS81MzcuMzYiLCJpYXQiOjE1OTMwODY3MTR9.HrJSg8OCu1ptL0dd6MAPmjnKIcamgHKKnqFPTaAJqsg', '2020-07-26 12:05:14', 1),
	(162, 3, '2020-06-25 14:05:53', 'eyJhbGciOiJIUzI1NiIsInR5cCI6IkpXVCJ9.eyJyb2xlIjoic3R1ZGVudCIsImlkIjozLCJ1c2VybmFtZSI6InN0dWRlbnQyIiwiZXhwIjoxNTk1NzY1MTUzLjYzMywiaXAiOiI6OjEiLCJ1YSI6Ik1vemlsbGEvNS4wIChXaW5kb3dzIE5UIDEwLjA7IFdpbjY0OyB4NjQpIEFwcGxlV2ViS2l0LzUzNy4zNiAoS0hUTUwsIGxpa2UgR2Vja28pIENocm9tZS84My4wLjQxMDMuMTE2IFNhZmFyaS81MzcuMzYiLCJpYXQiOjE1OTMwODY3NTN9.VH0Xo1pmh6_yoFNOAuxAM-poOK5CbOLtKcoDYX5Ny1I', '2020-07-26 12:05:53', 1),
	(163, 3, '2020-06-25 14:07:44', 'eyJhbGciOiJIUzI1NiIsInR5cCI6IkpXVCJ9.eyJyb2xlIjoic3R1ZGVudCIsImlkIjozLCJ1c2VybmFtZSI6InN0dWRlbnQyIiwiZXhwIjoxNTk1NzY1MjY0LjI4NCwiaXAiOiI6OjEiLCJ1YSI6Ik1vemlsbGEvNS4wIChXaW5kb3dzIE5UIDEwLjA7IFdpbjY0OyB4NjQpIEFwcGxlV2ViS2l0LzUzNy4zNiAoS0hUTUwsIGxpa2UgR2Vja28pIENocm9tZS84My4wLjQxMDMuMTE2IFNhZmFyaS81MzcuMzYiLCJpYXQiOjE1OTMwODY4NjR9.pwrypSOTVETIOlJDZJBZsVEbCFDzvZBWbBqIiBVBpL4', '2020-07-26 12:07:44', 1),
	(164, 3, '2020-06-25 14:07:44', 'eyJhbGciOiJIUzI1NiIsInR5cCI6IkpXVCJ9.eyJyb2xlIjoic3R1ZGVudCIsImlkIjozLCJ1c2VybmFtZSI6InN0dWRlbnQyIiwiZXhwIjoxNTk1NzY1MjY0LjMwNCwiaXAiOiI6OjEiLCJ1YSI6Ik1vemlsbGEvNS4wIChXaW5kb3dzIE5UIDEwLjA7IFdpbjY0OyB4NjQpIEFwcGxlV2ViS2l0LzUzNy4zNiAoS0hUTUwsIGxpa2UgR2Vja28pIENocm9tZS84My4wLjQxMDMuMTE2IFNhZmFyaS81MzcuMzYiLCJpYXQiOjE1OTMwODY4NjR9.f3gHr73a26aNsF_6kSVdVcLswEtODvkCJVLELxQGCF4', '2020-07-26 12:07:44', 1),
	(165, 3, '2020-06-25 14:29:13', 'eyJhbGciOiJIUzI1NiIsInR5cCI6IkpXVCJ9.eyJyb2xlIjoic3R1ZGVudCIsImlkIjozLCJ1c2VybmFtZSI6InN0dWRlbnQyIiwiZXhwIjoxNTk1NzY2NTUzLjU4MSwiaXAiOiI6OjEiLCJ1YSI6Ik1vemlsbGEvNS4wIChXaW5kb3dzIE5UIDEwLjA7IFdpbjY0OyB4NjQpIEFwcGxlV2ViS2l0LzUzNy4zNiAoS0hUTUwsIGxpa2UgR2Vja28pIENocm9tZS84My4wLjQxMDMuMTE2IFNhZmFyaS81MzcuMzYiLCJpYXQiOjE1OTMwODgxNTN9.953KE6lW_Ib0IPFrFNo4Z_rFWzfTgq4GcZclSdBOmrA', '2020-07-26 12:29:13', 1),
	(166, 3, '2020-06-25 14:39:53', 'eyJhbGciOiJIUzI1NiIsInR5cCI6IkpXVCJ9.eyJyb2xlIjoic3R1ZGVudCIsImlkIjozLCJ1c2VybmFtZSI6InN0dWRlbnQyIiwiZXhwIjoxNTk1NzY3MTkzLjIzNywiaXAiOiI6OjEiLCJ1YSI6Ik1vemlsbGEvNS4wIChXaW5kb3dzIE5UIDEwLjA7IFdpbjY0OyB4NjQpIEFwcGxlV2ViS2l0LzUzNy4zNiAoS0hUTUwsIGxpa2UgR2Vja28pIENocm9tZS84My4wLjQxMDMuMTE2IFNhZmFyaS81MzcuMzYiLCJpYXQiOjE1OTMwODg3OTN9.4KxUtRu9oBgL0xysQ4TOvlgljrMghPXtqkghWm5VBaM', '2020-07-26 12:39:53', 1),
	(167, 3, '2020-06-25 14:46:52', 'eyJhbGciOiJIUzI1NiIsInR5cCI6IkpXVCJ9.eyJyb2xlIjoic3R1ZGVudCIsImlkIjozLCJ1c2VybmFtZSI6InN0dWRlbnQyIiwiZXhwIjoxNTk1NzY3NjEyLjMyMiwiaXAiOiI6OjEiLCJ1YSI6Ik1vemlsbGEvNS4wIChXaW5kb3dzIE5UIDEwLjA7IFdpbjY0OyB4NjQpIEFwcGxlV2ViS2l0LzUzNy4zNiAoS0hUTUwsIGxpa2UgR2Vja28pIENocm9tZS84My4wLjQxMDMuMTE2IFNhZmFyaS81MzcuMzYiLCJpYXQiOjE1OTMwODkyMTJ9.aYAabl49p54fMXFoq7lyGf2Lj50tDFB-VAbk-EeTgf4', '2020-07-26 12:46:52', 1),
	(168, 3, '2020-06-25 14:56:16', 'eyJhbGciOiJIUzI1NiIsInR5cCI6IkpXVCJ9.eyJyb2xlIjoic3R1ZGVudCIsImlkIjozLCJ1c2VybmFtZSI6InN0dWRlbnQyIiwiZXhwIjoxNTk1NzY4MTc2LjMzMywiaXAiOiI6OjEiLCJ1YSI6Ik1vemlsbGEvNS4wIChXaW5kb3dzIE5UIDEwLjA7IFdpbjY0OyB4NjQpIEFwcGxlV2ViS2l0LzUzNy4zNiAoS0hUTUwsIGxpa2UgR2Vja28pIENocm9tZS84My4wLjQxMDMuMTE2IFNhZmFyaS81MzcuMzYiLCJpYXQiOjE1OTMwODk3NzZ9.ZsmtXLsJiVd0qNS48Gefmpd_aoeQ47l-Sqspx_nu9mE', '2020-07-26 12:56:16', 1),
	(169, 3, '2020-06-25 15:06:32', 'eyJhbGciOiJIUzI1NiIsInR5cCI6IkpXVCJ9.eyJyb2xlIjoic3R1ZGVudCIsImlkIjozLCJ1c2VybmFtZSI6InN0dWRlbnQyIiwiZXhwIjoxNTk1NzY4NzkyLjEyNiwiaXAiOiI6OjEiLCJ1YSI6Ik1vemlsbGEvNS4wIChXaW5kb3dzIE5UIDEwLjA7IFdpbjY0OyB4NjQpIEFwcGxlV2ViS2l0LzUzNy4zNiAoS0hUTUwsIGxpa2UgR2Vja28pIENocm9tZS84My4wLjQxMDMuMTE2IFNhZmFyaS81MzcuMzYiLCJpYXQiOjE1OTMwOTAzOTJ9.MTLmpruszJvJv5GLqfNbL3ztRIeuEeOTvZIz24BsNjw', '2020-07-26 13:06:32', 1),
	(170, 3, '2020-06-25 15:13:55', 'eyJhbGciOiJIUzI1NiIsInR5cCI6IkpXVCJ9.eyJyb2xlIjoic3R1ZGVudCIsImlkIjozLCJ1c2VybmFtZSI6InN0dWRlbnQyIiwiZXhwIjoxNTk1NzY5MjM1LjY5NSwiaXAiOiI6OjEiLCJ1YSI6Ik1vemlsbGEvNS4wIChXaW5kb3dzIE5UIDEwLjA7IFdpbjY0OyB4NjQpIEFwcGxlV2ViS2l0LzUzNy4zNiAoS0hUTUwsIGxpa2UgR2Vja28pIENocm9tZS84My4wLjQxMDMuMTE2IFNhZmFyaS81MzcuMzYiLCJpYXQiOjE1OTMwOTA4MzV9.r6YAdsfCawoqofXMODWxoqtiG_hnl1MaurL5VsnX9Us', '2020-07-26 13:13:55', 1),
	(171, 3, '2020-06-25 15:21:41', 'eyJhbGciOiJIUzI1NiIsInR5cCI6IkpXVCJ9.eyJyb2xlIjoic3R1ZGVudCIsImlkIjozLCJ1c2VybmFtZSI6InN0dWRlbnQyIiwiZXhwIjoxNTk1NzY5NzAxLjczOSwiaXAiOiI6OjEiLCJ1YSI6Ik1vemlsbGEvNS4wIChXaW5kb3dzIE5UIDEwLjA7IFdpbjY0OyB4NjQpIEFwcGxlV2ViS2l0LzUzNy4zNiAoS0hUTUwsIGxpa2UgR2Vja28pIENocm9tZS84My4wLjQxMDMuMTE2IFNhZmFyaS81MzcuMzYiLCJpYXQiOjE1OTMwOTEzMDF9._icN56PThd6P66CE9wNCC0sxCEKvpSp8eXIVOG9fO5M', '2020-07-26 13:21:41', 1),
	(172, 3, '2020-06-25 15:27:32', 'eyJhbGciOiJIUzI1NiIsInR5cCI6IkpXVCJ9.eyJyb2xlIjoic3R1ZGVudCIsImlkIjozLCJ1c2VybmFtZSI6InN0dWRlbnQyIiwiZXhwIjoxNTk1NzcwMDUyLjc4OCwiaXAiOiI6OjEiLCJ1YSI6Ik1vemlsbGEvNS4wIChXaW5kb3dzIE5UIDEwLjA7IFdpbjY0OyB4NjQpIEFwcGxlV2ViS2l0LzUzNy4zNiAoS0hUTUwsIGxpa2UgR2Vja28pIENocm9tZS84My4wLjQxMDMuMTE2IFNhZmFyaS81MzcuMzYiLCJpYXQiOjE1OTMwOTE2NTJ9.lSnGnoPweMLDI5LipiyArsXgzyPyvKZYYNa_D489VwU', '2020-07-26 13:27:32', 1),
	(173, 3, '2020-06-25 15:39:48', 'eyJhbGciOiJIUzI1NiIsInR5cCI6IkpXVCJ9.eyJyb2xlIjoic3R1ZGVudCIsImlkIjozLCJ1c2VybmFtZSI6InN0dWRlbnQyIiwiZXhwIjoxNTk1NzcwNzg4Ljg1MSwiaXAiOiI6OjEiLCJ1YSI6Ik1vemlsbGEvNS4wIChXaW5kb3dzIE5UIDEwLjA7IFdpbjY0OyB4NjQpIEFwcGxlV2ViS2l0LzUzNy4zNiAoS0hUTUwsIGxpa2UgR2Vja28pIENocm9tZS84My4wLjQxMDMuMTE2IFNhZmFyaS81MzcuMzYiLCJpYXQiOjE1OTMwOTIzODh9.oIPisQ3ZuRn6lviAtHK47DuVQWB3f1bCrqeZVdql_t4', '2020-07-26 13:39:48', 1),
	(174, 3, '2020-06-25 15:44:01', 'eyJhbGciOiJIUzI1NiIsInR5cCI6IkpXVCJ9.eyJyb2xlIjoic3R1ZGVudCIsImlkIjozLCJ1c2VybmFtZSI6InN0dWRlbnQyIiwiZXhwIjoxNTk1NzcxMDQxLjUzNiwiaXAiOiI6OjEiLCJ1YSI6Ik1vemlsbGEvNS4wIChXaW5kb3dzIE5UIDEwLjA7IFdpbjY0OyB4NjQpIEFwcGxlV2ViS2l0LzUzNy4zNiAoS0hUTUwsIGxpa2UgR2Vja28pIENocm9tZS84My4wLjQxMDMuMTE2IFNhZmFyaS81MzcuMzYiLCJpYXQiOjE1OTMwOTI2NDF9._MUiYPhybqqe7lMvYrIAlMGxT4PhvyWIsmDnWFLESkg', '2020-07-26 13:44:01', 1),
	(175, 3, '2020-06-25 15:50:29', 'eyJhbGciOiJIUzI1NiIsInR5cCI6IkpXVCJ9.eyJyb2xlIjoic3R1ZGVudCIsImlkIjozLCJ1c2VybmFtZSI6InN0dWRlbnQyIiwiZXhwIjoxNTk1NzcxNDI5LjEwMywiaXAiOiI6OjEiLCJ1YSI6Ik1vemlsbGEvNS4wIChXaW5kb3dzIE5UIDEwLjA7IFdpbjY0OyB4NjQpIEFwcGxlV2ViS2l0LzUzNy4zNiAoS0hUTUwsIGxpa2UgR2Vja28pIENocm9tZS84My4wLjQxMDMuMTE2IFNhZmFyaS81MzcuMzYiLCJpYXQiOjE1OTMwOTMwMjl9.kuLndxasU7iZbIQItXNpf57Zk_q-6TVqglmqPot8IXA', '2020-07-26 13:50:29', 1),
	(176, 3, '2020-06-25 16:25:49', 'eyJhbGciOiJIUzI1NiIsInR5cCI6IkpXVCJ9.eyJyb2xlIjoic3R1ZGVudCIsImlkIjozLCJ1c2VybmFtZSI6InN0dWRlbnQyIiwiZXhwIjoxNTk1NzczNTQ5LjI0NCwiaXAiOiI6OjEiLCJ1YSI6Ik1vemlsbGEvNS4wIChXaW5kb3dzIE5UIDEwLjA7IFdpbjY0OyB4NjQpIEFwcGxlV2ViS2l0LzUzNy4zNiAoS0hUTUwsIGxpa2UgR2Vja28pIENocm9tZS84My4wLjQxMDMuMTE2IFNhZmFyaS81MzcuMzYiLCJpYXQiOjE1OTMwOTUxNDl9.dlQLqWd_NffHhLGxYSUcMQ6KLm4bdX5X1cS1oQ2osdY', '2020-07-26 14:25:49', 1),
	(177, 3, '2020-06-25 16:39:47', 'eyJhbGciOiJIUzI1NiIsInR5cCI6IkpXVCJ9.eyJyb2xlIjoic3R1ZGVudCIsImlkIjozLCJ1c2VybmFtZSI6InN0dWRlbnQyIiwiZXhwIjoxNTk1Nzc0Mzg3LjUzNSwiaXAiOiI6OjEiLCJ1YSI6Ik1vemlsbGEvNS4wIChXaW5kb3dzIE5UIDEwLjA7IFdpbjY0OyB4NjQpIEFwcGxlV2ViS2l0LzUzNy4zNiAoS0hUTUwsIGxpa2UgR2Vja28pIENocm9tZS84My4wLjQxMDMuMTE2IFNhZmFyaS81MzcuMzYiLCJpYXQiOjE1OTMwOTU5ODd9.A_PnGDXeMRE_dL-Lamm4u6k52sL6q_SC8SnQZ50IhTE', '2020-07-26 14:39:47', 1),
	(178, 3, '2020-06-25 16:46:28', 'eyJhbGciOiJIUzI1NiIsInR5cCI6IkpXVCJ9.eyJyb2xlIjoic3R1ZGVudCIsImlkIjozLCJ1c2VybmFtZSI6InN0dWRlbnQyIiwiZXhwIjoxNTk1Nzc0Nzg4LjIwOSwiaXAiOiI6OjEiLCJ1YSI6Ik1vemlsbGEvNS4wIChXaW5kb3dzIE5UIDEwLjA7IFdpbjY0OyB4NjQpIEFwcGxlV2ViS2l0LzUzNy4zNiAoS0hUTUwsIGxpa2UgR2Vja28pIENocm9tZS84My4wLjQxMDMuMTE2IFNhZmFyaS81MzcuMzYiLCJpYXQiOjE1OTMwOTYzODh9.MiGIqf6zI2Y2b-0k0xrpipn63EF8VriphYRiW1Jv0DY', '2020-07-26 14:46:28', 1);
/*!40000 ALTER TABLE `student_token` ENABLE KEYS */;

/*!40101 SET SQL_MODE=IFNULL(@OLD_SQL_MODE, '') */;
/*!40014 SET FOREIGN_KEY_CHECKS=IF(@OLD_FOREIGN_KEY_CHECKS IS NULL, 1, @OLD_FOREIGN_KEY_CHECKS) */;
/*!40101 SET CHARACTER_SET_CLIENT=@OLD_CHARACTER_SET_CLIENT */;
